b3437,GLUCONOKINII-MONOMER
b3779,PPPGPPHYDRO-MONOMER
b1637,TYRS-MONOMER
b3570,EG11360-MONOMER
b3798,leuT-tRNA
b4204,G7862-MONOMER
b1127,EG11549-MONOMER
b2137,EG12019-MONOMER
b2637,G7372-MONOMER
b3462,FTSX-MONOMER
b2322,B2322-MONOMER
b2770,G7436-MONOMER
b1764,EG10943-MONOMER
b4248,G7879-MONOMER
b1204,EG10785-MONOMER
b2545,YPHC-MONOMER
b2145,G7144-MONOMER
b2990,EG11805-MONOMER
b0632,EG10201-MONOMER
b2541,PHENPRODIOLDEHYDROG-MONOMER
b3628,EG11351-MONOMER
b4599,MONOMER0-766
b2297,PHOSACETYLTRANS-MONOMER
b3266,ACRF-MONOMER
b1544,G6818-MONOMER
b4465,G7520-MONOMER
b3786,UDPGLCNACEPIM-MONOMER
b1468,NARZ-MONOMER
b2397,alaW-tRNA
b0818,G6421-MONOMER
b4146,G7836-MONOMER
b3971,RRFB-RRNA
b2068,EG11222-MONOMER
b0780,G6402-MONOMER
b3639,EG10004-MONOMER
b4396,PD04418
b0717,G6386-MONOMER
b3986,EG10873-MONOMER
b4359,PGLYCEROLTRANSI-MONOMER
b0728,SUCCCOASYN-BETA
b0566,PD00969
b3094,PD03270
b0242,GLUTKIN-MONOMER
b2066,UDK-MONOMER
b2848,G7468-MONOMER
b2752,CYSD-MONOMER
b3849,TRKH-MONOMER
b3506,EG11890-MONOMER
b4113,BASR-MONOMER
b0757,GALACTOKIN-MONOMER
b4384,DEOD-MONOMER
b1820,G6998-MONOMER
b2466,G7295-MONOMER
b1422,G6737-MONOMER
b1288,ENOYL-ACP-REDUCT-NADH-MONOMER
b0333,G6198-MONOMER
b2013,EG11895-MONOMER
b4207,G7865-MONOMER
b3614,EG12298-MONOMER
b3350,KEFB-MONOMER
b2522,EG11601-MONOMER
b3297,EG10910-MONOMER
b1619,7-ALPHA-HYDROXYSTEROID-DEH-MONOMER
b2185,EG10885-MONOMER
b4360,EG11214-MONOMER
b2432,G7267-MONOMER
b1205,EG11533-MONOMER
b4366,G7948-MONOMER
b1565,G6832-MONOMER
b4292,EG10292-MONOMER
b1189,DALADEHYDROGA-MONOMER
b3367,NIRC-MONOMER
b2526,EG12130-MONOMER
b3964,EG11395-MONOMER
b4306,G7916-MONOMER
b2051,GDPMANMANHYDRO-MONOMER
b0031,DIHYDROPICRED-MONOMER
b0313,PD00251
b0698,EG10513-MONOMER
b3523,YHJE-MONOMER
b2533,EG10983-MONOMER
b1634,B1634-MONOMER
b0722,SDH-MEMB2
b2160,EG12028-MONOMER
b4012,EG11207-MONOMER
b4685,MONOMER0-2878
b3865,EG11203-MONOMER
b2253,G7166-MONOMER
b0981,EG11826-MONOMER
b4115,YJDE-MONOMER
b3588,ALDDEHYDROGB-MONOMER
b0882,EG10156-MONOMER
b3858,EG11830-MONOMER
b1284,G6638-MONOMER
b4267,IDONDEHYD-MONOMER
b0004,THRESYN-MONOMER
b1460,EG11526-MONOMER
b1025,G6532-MONOMER
b2496,G7313-MONOMER
b0915,TETRAACYLDISACC4KIN-MONOMER
b1776,G6963-MONOMER
b0364,G6216-MONOMER
b3381,G7733-MONOMER
b1014,PUTA-MONOMER
b1707,G6925-MONOMER
b3608,GLYC3PDEHYDROGBIOSYN-MONOMER
b3033,G7580-MONOMER
b0612,B0612-MONOMER
b2591,RRSG-RRNA
b3315,EG10882-MONOMER
b2555,EG12139-MONOMER
b1767,ANSA-MONOMER
b1663,YDHE-MONOMER
b3731,ATPC-MONOMER
b4128,G7830-MONOMER
b2813,G7457-MONOMER
b3131,G7630-MONOMER
b3456,LIVM-MONOMER
b0542,G6298-MONOMER
b2718,EG10481-MONOMER
b0015,EG10240-MONOMER
b2395,EG11145-MONOMER
b1303,EG12344-MONOMER
b4690,RNA0-358
b3880,EG11845-MONOMER
b4415,MONOMER0-1581
b0795,G6412-MONOMER
b4595,MONOMER0-765
b0301,G6171-MONOMER
b1203,EG11404-MONOMER
b2635,G7370-MONOMER
b2662,GABATRANSAM-MONOMER
b2502,PPX-MONOMER
b1681,G6907-MONOMER
b3796,argX-tRNA
b2194,EG12052-MONOMER
b0688,PHOSPHOGLUCMUT-MONOMER
b3845,FADA-MONOMER
b3221,G7675-MONOMER
b0403,MALTODEXGLUCOSID-MONOMER
b0892,EG12690-MONOMER
b2300,G7192-MONOMER
b3012,MONOMER0-148
b3803,HEMX-MONOMER
b2332,G7203-MONOMER
b3078,YGJI-MONOMER
b2830,G7459-MONOMER
b1355,G6679-MONOMER
b4280,G7901-MONOMER
b1735,EG10143-MONOMER
b1009,G6520-MONOMER
b4126,G7828-MONOMER
b0926,G6474-MONOMER
b2556,G7345-MONOMER
b2866,G7485-MONOMER
b0422,EG11098-MONOMER
b1704,AROH-MONOMER
b3809,DIAMINOPIMEPIM-MONOMER
b1195,G6624-MONOMER
b3469,YHHO-MONOMER
b2659,G7394-MONOMER
b3830,G7804-MONOMER
b2469,NARQ-MONOMER
b0910,CMPKI-MONOMER
b2416,PTSI-MONOMER
b2299,G7191-MONOMER
b2199,CCMC-MONOMER
b0416,EG10666-MONOMER
b1507,EG10443-MONOMER
b1741,G6937-MONOMER
b4122,FUMB-MONOMER
b4416,RYBA-RNA
b4664,MONOMER0-2856
b2343,G7214-MONOMER
b2304,G7196-MONOMER
b1666,valW-tRNA
b1055,EG11116-MONOMER
b0223,G6107-MONOMER
b0844,G6442-MONOMER
b0111,EG10042-MONOMER
b3856,EG11828-MONOMER
b4230,YTFT-MONOMER
b2264,MEND-MONOMER
b1942,G378-MONOMER
b1317,G6655-MONOMER
b3175,SECG
b4510,MONOMER0-2658
b0357,G6209-MONOMER
b3481,EG11519-MONOMER
b2132,EG12013-MONOMER
b3069,ileX-tRNA
b2107,G7139-MONOMER
b1041,G6547-MONOMER
b1995,G7075-MONOMER
b1481,G6776-MONOMER
b2374,G7237-MONOMER
b0318,G6183-MONOMER
b2967,pheV-tRNA
b3051,G7589-MONOMER
b3812,EG11202-MONOMER
b2757,G7427-MONOMER
b1702,PEPSYNTH-MONOMER
b1911,glyW-tRNA
b3296,EG10903-MONOMER
b0254,G6129-MONOMER
b3519,TREHALACYTO-MONOMER
b1056,EG11820-MONOMER
b3184,EG11499-MONOMER
b0620,G6346-MONOMER
b3103,G7617-MONOMER
b2712,EG11551-MONOMER
b2444,G7274-MONOMER
b2733,EG10625-MONOMER
b3177,H2PTEROATESYNTH-MONOMER
b3192,G7659-MONOMER
b1630,G6874-MONOMER
b4043,PD00205
b0097,EG11087-MONOMER
b1174,EG10598-MONOMER
b1069,G6561-MONOMER
b4381,DEOXYRIBOSE-P-ALD-MONOMER
b3181,EG10415-MONOMER
b4125,DCUS-MONOMER
b0420,DXS-MONOMER
b2560,EG11371-MONOMER
b3464,EG10346-MONOMER
b0854,POTF-MONOMER
b2681,G7404-MONOMER
b1646,G6886-MONOMER
b3629,EG11350-MONOMER
b1221,NARL-MONOMER
b0859,G6449-MONOMER
b1552,G6825-MONOMER
b1060,G6557-MONOMER
b2266,G7173-MONOMER
b2624,PD02850
b3273,thrV-tRNA
b4090,RIB5PISOMB-MONOMER
b1310,YCJN-MONOMER
b3813,EG11064-MONOMER
b1591,G6849-MONOMER
b0928,ASPAMINOTRANS-MONOMER
b4333,G7930-MONOMER
b1517,G6804-MONOMER
b0674,ASNSYNB-MONOMER
b3422,EG12356-MONOMER
b3566,XYLF-MONOMER
b2021,HISTPHOSTRANS-MONOMER
b3578,EG12282-MONOMER
b1578,G6836-MONOMER
b0043,EG11564-MONOMER
b2951,G7527-MONOMER
b0867,G6452-MONOMER
b1742,G6938-MONOMER
b2709,EG12108-MONOMER
b3533,EG12260-MONOMER
b0675,EG10634-MONOMER
b2569,EG10529-MONOMER
b2598,EG11271-MONOMER
b0208,EG11649-MONOMER
b0077,ACETOLACTSYNIII-ICHAIN-MONOMER
b0171,UMPKI-MONOMER
b0238,GPT-MONOMER
b2834,G7462-MONOMER
b4686,MONOMER0-2884
b4620,MONOMER0-2828
b1445,G6756-MONOMER
b0994,TORT-MONOMER
b3990,THIH-MONOMER
b4502,MONOMER0-2726
b1446,G6757-MONOMER
b3822,EG10833-MONOMER
b0074,2-ISOPROPYLMALATESYN-MONOMER
b1246,OPPD-MONOMER
b0534,EG12388-MONOMER
b3159,G7653-MONOMER
b3838,G7808-MONOMER
b3981,SECE
b4401,ARCA-MONOMER
b4221,G7875-MONOMER
b3301,EG10876-MONOMER
b3492,EG12229-MONOMER
b1783,G6969-MONOMER
b0196,RCSF-MONOMER
b2274,G7181-MONOMER
b4667,MONOMER0-2859
b1049,EG11886-MONOMER
b4216,G7871-MONOMER
b1604,G6860-MONOMER
b1664,G6894-MONOMER
b1391,G6712-MONOMER
b3241,G7686-MONOMER
b3253,EG11315-MONOMER
b0382,EG11256-MONOMER
b0037,CAIC-MONOMER
b2198,EG12169-MONOMER
b1201,G6628-MONOMER
b1852,GLU6PDEHYDROG-MONOMER
b0820,G6423-MONOMER
b1961,EG10211-MONOMER
b3006,EG10271-MONOMER
b2521,EG11600-MONOMER
b0487,G6263-MONOMER
b1952,G7045-MONOMER
b4298,G7911-MONOMER
b0064,PD00242
b1071,G369-MONOMER
b3984,EG10864-MONOMER
b4142,EG10600-MONOMER
b0960,G6495-MONOMER
b3430,GLUC1PADENYLTRANS-MONOMER
b0130,EG11749-MONOMER
b4680,MONOMER0-2874
b1912,PHOSPHAGLYPSYN-MONOMER
b0547,G6303-MONOMER
b0800,EG11580-MONOMER
b0078,ACETOLACTSYNIII-HCHAIN-MONOMER
b3789,DTDPGLUCOSEPP2-MONOMER
b2125,EG12006-MONOMER
b0656,MONOMER0-4235
b1859,ZNUB-MONOMER
b1249,CARDIOLIPSYN-MONOMER
b0047,KEFC-MONOMER
b4010,RRFE-RRNA
b0169,EG10901-MONOMER
b3143,G7638-MONOMER
b1392,G6713-MONOMER
b1840,G7013-MONOMER
b0248,G6123-MONOMER
b4064,EG11939-MONOMER
b1928,EG11659-MONOMER
b0762,G6396-MONOMER
b1459,G6768-MONOMER
b3607,SERINE-O-ACETTRAN-MONOMER
b4361,EG10237-MONOMER
b0492,G6268-MONOMER
b0581,G6326-MONOMER
b3308,EG10868-MONOMER
b3819,EG11466-MONOMER
b2478,DIHYDRODIPICSYN-MONOMER
b2121,EG12002-MONOMER
b4072,NRFC-MONOMER
b1866,ASPS-MONOMER
b4297,G7910-MONOMER
b0087,PHOSNACMURPENTATRANS-MONOMER
b2342,G7213-MONOMER
b2439,G7271-MONOMER
b1181,G6618-MONOMER
b2263,EG12438-MONOMER
b3542,DPPC-MONOMER
b3427,G7752-MONOMER
b0246,G6121-MONOMER
b2059,G7104-MONOMER
b4380,EG12171-MONOMER
b4100,EG10717-MONOMER
b1302,G6646-MONOMER
b2283,NUOG-MONOMER
b4461,G7356-MONOMER
b1843,G7015-MONOMER
b2027,G7090-MONOMER
b0700,EG10848-MONOMER
b0582,MONOMER0-4232
b2851,G7471-MONOMER
b2085,G7122-MONOMER
b1750,G6945-MONOMER
b3236,MALATE-DEHASE-MONOMER
b4253,G7884-MONOMER
b0837,G6437-MONOMER
b3714,EG11724-MONOMER
b2307,HISM-MONOMER
b2793,G7451-MONOMER
b1363,TRKG-MONOMER
b1062,DIHYDROOROT-MONOMER
b0001,EG11277-MONOMER
b0463,EG11703-MONOMER
b1198,EG12399-MONOMER
b3075,PD03254
b2142,EG12024-MONOMER
b2467,EG12410-MONOMER
b0241,MONOMER0-282
b3202,RPON-MONOMER
b2155,EG10155-MONOMER
b2674,G7402-MONOMER
b0979,APPB-MONOMER
b0550,G6306-MONOMER
b2763,BETACOMP-MONOMER
b1179,G6616-MONOMER
b0153,FHUB-MONOMER
b0257,G6132-MONOMER
b0424,HMP-KIN-MONOMER
b4121,G7825-MONOMER
b2606,EG10880-MONOMER
b0267,EG12338-MONOMER
b4023,EG11922-MONOMER
b0493,G6269-MONOMER
b4249,G7880-MONOMER
b1526,G6812-MONOMER
b0472,EG10834-MONOMER
b0497,EG10849-MONOMER
b3778,EG10837-MONOMER
b2427,G7262-MONOMER
b3804,UROGENIIISYN-MONOMER
b2257,G7170-MONOMER
b0278,G6149-MONOMER
b0666,metU-tRNA
b2506,G7317-MONOMER
b4161,G7841-MONOMER
b0787,G6404-MONOMER
b1946,FLIN-FLAGELLAR-C-RING-SWITCH
b0198,METI-MONOMER
b4032,MALG-MONOMER
b2746,EG11816-MONOMER
b2090,PD00338
b1579,G6837-MONOMER
b3400,G7743-MONOMER
b3921,EG11875-MONOMER
b2676,NRDF-MONOMER
b3340,EG10360-MONOMER
b0886,CYDC-MONOMER
b3671,LARGEILVB-MONOMER
b0034,G6088-MONOMER
b0112,AROP-MONOMER
b0619,G6345-MONOMER
b4206,G7864-MONOMER
b2981,G7547-MONOMER
b4148,SUGE-MONOMER
b1588,G6846-MONOMER
b0883,serW-tRNA
b3235,EG11652-MONOMER
b2578,EG12445-MONOMER
b3390,AROK-MONOMER
b1152,G6596-MONOMER
b2050,EG11790-MONOMER
b3644,EG11192-MONOMER
b4501,MONOMER0-1641
b3304,EG10879-MONOMER
b0489,G6265-MONOMER
b1589,G6847-MONOMER
b0009,EG11511-MONOMER
b2711,EG12450-MONOMER
b0339,CARBODEHYDRAT-MONOMER
b1854,PKII-MONOMER
b0640,EG11412-MONOMER
b3889,EG11854-MONOMER
b0157,EG12333-MONOMER
b0611,EG10856-MONOMER
b1633,EG10662-MONOMER
b2251,G7164-MONOMER
b3568,XYLH-MONOMER
b0546,G6302-MONOMER
b1809,G6993-MONOMER
b0849,RED-GLUTAREDOXIN
b1656,SUPEROX-DISMUTFE-MONOMER
b3780,EG10844-MONOMER
b1113,G6571-MONOMER
b2950,G7526-MONOMER
b1219,EG12404-MONOMER
b4390,PD04413
b1657,B1657-MONOMER
b3727,PSTC-MONOMER
b0154,GSAAMINOTRANS-MONOMER
b3708,TRYPTOPHAN-MONOMER
b2947,GLUTATHIONE-SYN-MONOMER
b2679,PROX-MONOMER
b2808,PD00339
b2622,EG11783-MONOMER
b0485,G6261-MONOMER
b1932,G7040-MONOMER
b1590,G6848-MONOMER
b4308,G7918-MONOMER
b1427,EG10853-MONOMER
b2164,YEIM-MONOMER
b2120,EG11999-MONOMER
b0450,PROTEIN-PII2
b0173,DXPREDISOM-MONOMER
b3573,EG12277-MONOMER
b2923,YGGA-MONOMER
b1994,G7074-MONOMER
b1383,G6705-MONOMER
b1739,EG10044-MONOMER
b4244,ASPCARBREG-MONOMER
b0423,THII-MONOMER
b2318,EG10454-MONOMER
b0185,CARBOXYL-TRANSFERASE-ALPHA-MONOMER
b2917,METHYLMALONYL-COA-MUT-MONOMER
b0963,METHGLYSYN-MONOMER
b3429,GLYCOGENSYN-MONOMER
b1300,ALDHDEHYDROG-MONOMER
b3368,SIROHEMESYN-MONOMER
b2771,B2771-MONOMER
b0012,EG11509-MONOMER
b0089,EG10344-MONOMER
b0500,EG11770-MONOMER
b2212,EG10037-MONOMER
b0210,EG11651-MONOMER
b3047,G7586-MONOMER
b4542,MONOMER0-2681
b0061,RIBULPEPIM-MONOMER
b2623,G7359-MONOMER
b2015,G7088-MONOMER
b0637,EG11255-MONOMER
b1842,EG11505-MONOMER
b1733,EG12198-MONOMER
b2913,PGLYCDEHYDROG-MONOMER
b2824,EG11155-MONOMER
b2716,EG10085-MONOMER
b1691,B1691-MONOMER
b1829,EG10462-MONOMER
b2647,G7382-MONOMER
b0681,G6370-MONOMER
b3626,EG11353-MONOMER
b2063,G7108-MONOMER
b0504,G6274-MONOMER
b1620,PD00361
b4153,FUM-FE-S
b4335,G7932-MONOMER
b3670,SMALLILVN-MONOMER
b2505,G7316-MONOMER
b1475,FDNH-MONOMER
b0522,PURK-MONOMER
b2633,G7368-MONOMER
b1978,G7064-MONOMER
b3157,G7651-MONOMER
b4259,EG11413-MONOMER
b0686,EG11776-MONOMER
b3989,EG11429-MONOMER
b1436,G6747-MONOMER
b0727,E2O-MONOMER
b4419,MONOMER0-1601
b3083,G7602-MONOMER
b4037,EG10559-MONOMER
b1426,EG12865-MONOMER
b0908,AROA-MONOMER
b3496,YHIP-MONOMER
b0085,UDP-NACMURALGLDAPLIG-MONOMER
b0264,G6138-MONOMER
b0363,G6215-MONOMER
b2889,IPPISOM-MONOMER
b1340,G6672-MONOMER
b2272,G7179-MONOMER
b1888,PROTEIN-CHEA
b1443,YDCV-MONOMER
b1156,EG11120-MONOMER
b3303,EG10904-MONOMER
b4240,TREB-MONOMER
b2644,G7379-MONOMER
b2853,G7473-MONOMER
b0118,ACONITATEDEHYDRB-MONOMER
b4000,EG10466-MONOMER
b1603,PNTA-MONOMER
b3375,G7727-MONOMER
b2579,EG11784-MONOMER
b2845,B2845-MONOMER
b1263,ANTHRANSYNCOMPII-MONOMER
b3105,G7619-MONOMER
b2568,EG10530-MONOMER
b2384,G7247-MONOMER
b0553,EG10659-MONOMER
b3361,EG10307-MONOMER
b3438,PD03585
b3995,EG11738-MONOMER
b3449,GLYCPDIESTER-CYTO-MONOMER
b4557,MONOMER0-2692
b2807,EG11793-MONOMER
b0060,EG10747-MONOMER
b1814,LSERINEDEAM1-MONOMER
b1241,ADHE-MONOMER
b1053,YCEE-MONOMER
b2298,G7190-MONOMER
b2901,G495-MONOMER
b1860,EG10924-MONOMER
b3191,G7658-MONOMER
b2389,G7251-MONOMER
b3781,RED-THIOREDOXIN-MONOMER
b2372,B2372-MONOMER
b0201,RRSH-RRNA
b3792,EG11486-MONOMER
b1037,G6543-MONOMER
b0775,BIOTIN-SYN-MONOMER
b1091,FABH-MONOMER
b2693,argY-tRNA
b3336,EG10113-MONOMER
b1536,EG11644-MONOMER
b4075,EG11949-MONOMER
b1406,EG11309-MONOMER
b2976,MALSYNG-MONOMER
b3991,THIG-MONOMER
b1904,G7035-MONOMER
b1654,EG12181-MONOMER
b1403,MONOMER0-4250
b1457,EG11760-MONOMER
b3152,G7646-MONOMER
b4287,FECE-MONOMER
b1568,G6835-MONOMER
b1811,G6995-MONOMER
b1908,EG11139-MONOMER
b2723,HYCC-MONOMER
b4149,G7837-MONOMER
b4442,SRAD-RNA
b1278,PGPPHOSPHAB-MONOMER
b2154,EG12026-MONOMER
b4593,MONOMER0-2818
b1838,G7011-MONOMER
b4433,RYEB-RNA
b2833,G7461-MONOMER
b1545,G6819-MONOMER
b1818,MANY-MONOMER
b2062,G7107-MONOMER
b3911,CPXA-MONOMER
b1453,ANSP-MONOMER
b3848,EG11484-MONOMER
b0641,EG10855-MONOMER
b0412,EG12874-MONOMER
b1768,NICOTINAMID-MONOMER
b3160,G7654-MONOMER
b1298,G6645-MONOMER
b0664,glnX-tRNA
b1709,BTUD-MONOMER
b1066,EG10851-MONOMER
b3790,TDPFUCACTRANS-MONOMER
b3773,PD00200
b1423,G6738-MONOMER
b2098,B2098-MONOMER
b1462,G6769-MONOMER
b2601,AROF-MONOMER
b4698,RNA0-348
b0894,DMSA-MONOMER
b4256,G7886-MONOMER
b4003,HYDH-MONOMER
b2249,G7162-MONOMER
b0345,PD00763
b0769,G6399-MONOMER
b0402,PROY-MONOMER
b0917,G6472-MONOMER
b0073,3-ISOPROPYLMALDEHYDROG-MONOMER
b2192,MONOMER0-4238
b3194,YRBE-MONOMER
b1487,YDDS-MONOMER
b2435,NACMURLALAAMI1-MONOMER
b4269,EG11436-MONOMER
b4234,EG11410-MONOMER
b3757,gltU-tRNA
b4137,EG12177-MONOMER
b1706,G6924-MONOMER
b4265,YJGT-MONOMER
b1710,BTUE-MONOMER
b2751,CYSN-MONOMER
b1398,G6719-MONOMER
b0508,G6277-MONOMER
b3385,GPH-MONOMER
b2996,HYBA-MONOMER
b4325,G7922-MONOMER
b3738,ATPB-MONOMER
b1677,EG10544-MONOMER
b3038,EG11165-MONOMER
b1696,G6919-MONOMER
b0310,G6180-MONOMER
b2542,HCAD-MONOMER
b1839,G7012-MONOMER
b1447,G6758-MONOMER
b1371,G6694-MONOMER
b3355,EG12365-MONOMER
b4188,G7851-MONOMER
b3404,ENVZ-MONOMER
b1626,G6870-MONOMER
b3379,G7731-MONOMER
b2701,G7410-MONOMER
b4320,EG10315-MONOMER
b3528,DCTA-MONOMER
b4245,ASPCARBCAT-MONOMER
b3193,EG12799-MONOMER
b0158,EG12334-MONOMER
b3452,UGPA-MONOMER
b1293,SAPB-MONOMER
b3275,RRLD-RRNA
b2776,G7442-MONOMER
b1088,EG11119-MONOMER
b4157,G7838-MONOMER
b2315,FOLC-MONOMER
b1660,YDHC-MONOMER
b1700,G6923-MONOMER
b2725,EG10474-MONOMER
b2870,G7489-MONOMER
b0647,G6354-MONOMER
b2840,EG11157-MONOMER
b2562,G7346-MONOMER
b1141,G6585-MONOMER
b1667,G6895-MONOMER
b2436,COPROGENOXI-MONOMER
b3237,PD00194
b2959,EG12443-MONOMER
b2735,G7416-MONOMER
b0789,G6406-MONOMER
b2425,CYSP-MONOMER
b2861,MONOMER0-4252
b3376,G7728-MONOMER
b4300,G7913-MONOMER
b3681,EG11708-MONOMER
b2818,N-ACETYLTRANSFER-MONOMER
b0648,G6355-MONOMER
b2761,EG12634-MONOMER
b2186,EG12048-MONOMER
b2869,G7488-MONOMER
b0529,FOLD-MONOMER
b0190,G6098-MONOMER
b0088,UDP-NACMURALA-GLU-LIG-MONOMER
b3746,EG11731-MONOMER
b4378,G7952-MONOMER
b2165,EG12033-MONOMER
b3682,GLVB-MONOMER
b3395,G7739-MONOMER
b4085,EG11957-MONOMER
b1065,B1065-MONOMER
b4663,MONOMER0-2880
b3541,DPPD-MONOMER
b2675,NRDE-MONOMER
b3041,DIOHBUTANONEPSYN-MONOMER
b2256,G7169-MONOMER
b1642,G6882-MONOMER
b2486,MONOMER0-143
b0361,G7480-MONOMER
b2057,G7102-MONOMER
b2153,GTP-CYCLOHYDRO-I-MONOMER
b1021,G6528-MONOMER
b3137,TAGAALDOL1-MONOMER
b3440,G7757-MONOMER
b2422,CYSA-MONOMER
b1196,G6625-MONOMER
b4233,EG12440-MONOMER
b1774,G6961-MONOMER
b1977,asnT-tRNA
b3211,G7669-MONOMER
b1923,EG10321-MONOMER
b2514,HISS-MONOMER
b2412,G7258-MONOMER
b3008,CYSTATHIONINE-BETA-LYASE-MONOMER
b0549,G6305-MONOMER
b4050,EG11933-MONOMER
b4618,MONOMER0-1922
b1669,G6897-MONOMER
b0095,EG10347-MONOMER
b0779,EG11062-MONOMER
b0745,lysW-tRNA
b0280,G6151-MONOMER
b2736,G7417-MONOMER
b2816,RNA0-306
b0027,EG10548-MONOMER
b0380,G6229-MONOMER
b1569,EG10228-MONOMER
b4402,G7954-MONOMER
b3932,EG11676-MONOMER
b4220,G7874-MONOMER
b2118,EG11995-MONOMER
b4087,YJCW-MONOMER
b2843,G7463-MONOMER
b2732,EG11287-MONOMER
b2210,EG12069-MONOMER
b1476,FDNI-MONOMER
b1038,G6544-MONOMER
b3120,EG11173-MONOMER
b1974,G7062-MONOMER
b2734,G7415-MONOMER
b0328,G6193-MONOMER
b1596,B1596-MONOMER
b2048,PHOSMANMUT-MONOMER
b1647,G6887-MONOMER
b3197,G7662-MONOMER
b2850,G7470-MONOMER
b2390,G7252-MONOMER
b0490,YBBL-MONOMER
b1747,ARGSUCCTRAN-MONOMER
b2576,EG10975-MONOMER
b1272,EG10956-MONOMER
b2069,EG12200-MONOMER
b1479,MALIC-NAD-MONOMER
b2364,PD00297
b1574,DICF-RNA
b4299,G7912-MONOMER
b3883,EG11848-MONOMER
b1661,CFA-MONOMER
b1208,EG11294-MONOMER
b1878,G7027-MONOMER
b1651,GLYOXI-MONOMER
b4309,G7919-MONOMER
b3206,EG12147-MONOMER
b2661,SUCCSEMIALDDEHYDROG-MONOMER
b2371,G7234-MONOMER
b3451,UGPE-MONOMER
b2896,G7509-MONOMER
b2173,EG12104-MONOMER
b0444,G6245-MONOMER
b1166,G6606-MONOMER
b3161,MTR-MONOMER
b3408,EG12101-MONOMER
b0378,G6227-MONOMER
b1118,YCFW-MONOMER
b4231,YJFF-MONOMER
b0499,G6271-MONOMER
b1869,G7019-MONOMER
b1510,EG11780-MONOMER
b2113,EG10611-MONOMER
b2309,HISJ-MONOMER
b4518,MONOMER0-2665
b3766,EG11270-MONOMER
b2225,G7152-MONOMER
b1773,G6960-MONOMER
b2779,ENOLASE-MONOMER
b3697,EG11195-MONOMER
b0401,BRNQ-MONOMER
b3711,EG11721-MONOMER
b0984,G6505-MONOMER
b2200,CCMB-MONOMER
b3627,EG11352-MONOMER
b1865,H2NEOPTERINP3PYROPHOSPHOHYDRO-MONOMER
b4158,G7839-MONOMER
b2417,CRR-MONOMER
b0331,G6196-MONOMER
b3595,EG11766-MONOMER
b4456,SRAJ-RNA
b1877,G7026-MONOMER
b0393,EG12158-MONOMER
b2141,EG12023-MONOMER
b0575,YBDE-MONOMER
b3039,EG11166-MONOMER
b3696,EG11719-MONOMER
b3961,PD00214
b2684,EG10603-MONOMER
b2268,G7175-MONOMER
b1830,EG10760-MONOMER
b3718,EG11728-MONOMER
b3318,EG10883-MONOMER
b3036,EG11163-MONOMER
b0358,G6210-MONOMER
b2334,G7205-MONOMER
b4577,RNA0-241
b0457,G6252-MONOMER
b0379,G6228-MONOMER
b3831,URPHOS-MONOMER
b3693,DEHYDDEOXGALACTKIN-MONOMER
b2305,G7197-MONOMER
b0982,G6503-MONOMER
b1032,serX-tRNA
b0188,G6096-MONOMER
b1307,EG10779-MONOMER
b3667,UHPC-MONOMER
b3807,EG11653-MONOMER
b1190,ALARACECAT-MONOMER
b1518,G6805-MONOMER
b3399,G7742-MONOMER
b0783,EG11666-MONOMER
b4703,MONOMER0-4214
b3753,PD03867
b2157,EG12105-MONOMER
b0123,EG12318-MONOMER
b2842,KDUD-MONOMER
b4184,G7849-MONOMER
b4098,EG10719-MONOMER
b3166,EG11177-MONOMER
b1419,EG11219-MONOMER
b0712,G6381-MONOMER
b1976,G7063-MONOMER
b1387,G6708-MONOMER
b2247,G7160-MONOMER
b4678,MONOMER0-2870
b2007,G7087-MONOMER
b0075,EG11280-MONOMER
b1504,G6794-MONOMER
b3359,ACETYLORNTRANSAM-MONOMER
b0381,DALADALALIGA-MONOMER
b3305,EG10869-MONOMER
b4537,MONOMER0-2677
b1796,G6982-MONOMER
b1228,G6631-MONOMER
b1175,EG10597-MONOMER
b4395,PGAM2-MONOMER
b3565,XYLISOM-MONOMER
b3747,KUP-MONOMER
b3279,G7696-MONOMER
b4104,PHNE-MONOMER
b0454,G6251-MONOMER
b0991,G6512-MONOMER
b2482,MONOMER0-153
b2102,G7134-MONOMER
b2131,YEHZ-MONOMER
b4135,EG12176-MONOMER
b3866,EG11835-MONOMER
b2306,HISP-MONOMER
b2942,S-ADENMETSYN-MONOMER
b3511,EG11495-MONOMER
b3182,EG10202-MONOMER
b4181,G7846-MONOMER
b0935,MONOMER-162
b0660,G6363-MONOMER
b3216,G7670-MONOMER
b2704,GUTB-MONOMER
b4045,EG11928-MONOMER
b0604,DSBG-MONOMER
b3755,EG11733-MONOMER
b2302,G7194-MONOMER
b2019,ATPPHOSRIBOSTRANS-MONOMER
b3879,EG11844-MONOMER
b2754,EG12845-MONOMER
b1586,G6844-MONOMER
b1925,EG11388-MONOMER
b4428,MONOMER0-1604
b2313,EG10169-MONOMER
b0182,LIPIDADISACCHARIDESYNTH-MONOMER
b0417,THI-P-KIN-MONOMER
b2730,EG10487-MONOMER
b3640,DUTP-PYROP-MONOMER
b1242,EG11342-MONOMER
b0287,G6158-MONOMER
b3744,ASNSYNA-MONOMER
b4541,MONOMER0-2680
b3363,EG10757-MONOMER
b1819,MANZ-MONOMER
b0243,GLUTSEMIALDEHYDROG-MONOMER
b3114,KETOBUTFORMLY-INACT-MONOMER
b3602,EG11964-MONOMER
b4081,YJCQ-MONOMER
b0558,G6313-MONOMER
b4110,G7823-MONOMER
b1520,G6807-MONOMER
b4089,G7821-MONOMER
b0409,SECF
b4682,MONOMER0-2882
b1287,G6640-MONOMER
b1882,CHEY-MONOMER
b0596,ENTA-MONOMER
b0968,G6502-MONOMER
b3029,EG12657-MONOMER
b3782,EG12428-MONOMER
b2589,RRLG-RRNA
b0942,G6484-MONOMER
b1238,TDK-MONOMER
b3281,AROE-MONOMER
b2348,argW-tRNA
b1954,DSRA-RNA
b4114,EG11613-MONOMER
b4236,CYTOCHROME-B562-MONOMER
b4071,CYTOCHROMEC-MONOMER
b1172,G6612-MONOMER
b3531,EG12258-MONOMER
b2784,RELA-MONOMER
b3939,O-SUCCHOMOSERLYASE-MONOMER
b1540,G6814-MONOMER
b2100,G7132-MONOMER
b3802,EG10434-MONOMER
b3224,NANT-MONOMER
b0835,G6435-MONOMER
b0947,G6487-MONOMER
b2087,PD02366
b3311,EG10916-MONOMER
b1971,G7059-MONOMER
b2563,HOLO-ACP-SYNTH-MONOMER
b0360,G6212-MONOMER
b4169,NACMURLALAAMI2-MONOMER
b2567,EG10857-MONOMER
b3580,LYXK-MONOMER
b4194,YJFT-MONOMER
b3963,EG11394-MONOMER
b1351,EG10813-MONOMER
b0206,aspU-tRNA
b0411,EG11035-MONOMER
b1512,G6799-MONOMER
b4322,MANNONDEHYDRAT-MONOMER
b1760,G6955-MONOMER
b1187,PD01520
b3080,G7599-MONOMER
b1301,EG11822-MONOMER
b0676,PD00266
b3894,FDOG-MONOMER
b0058,EG12609-MONOMER
b0172,EG10335-MONOMER
b4394,EG12600-MONOMER
b1212,EG12424-MONOMER
b2836,AAS-MONOMER
b2740,B2740-MONOMER
b0366,TAUB-MONOMER
b0785,EG11598-MONOMER
b4324,EG20249-MONOMER
b3076,EG10252-MONOMER
b4264,G7891-MONOMER
b1797,G6983-MONOMER
b0281,G6152-MONOMER
b2314,EG10218-MONOMER
b2972,G7539-MONOMER
b2849,G7469-MONOMER
b2363,G7232-MONOMER
b4568,MONOMER0-2697
b0860,ARTJ-MONOMER
b4232,F16B-MONOMER
b2209,EG10255-MONOMER
b1641,G6881-MONOMER
b3937,EG11882-MONOMER
b1616,UIDB-MONOMER
b2357,G7226-MONOMER
b2864,glyU-tRNA
b0348,DHPDIOXYGEN-MONOMER
b0335,G6200-MONOMER
b1316,G6654-MONOMER
b3598,EG11765-MONOMER
b0873,G6457-MONOMER
b3480,NIKE-MONOMER
b3729,L-GLN-FRUCT-6-P-AMINOTRANS-MONOMER
b4536,MONOMER0-2676
b4307,G7917-MONOMER
b3294,EG10878-MONOMER
b1022,G6529-MONOMER
b3158,G7652-MONOMER
b1485,YDDQ-MONOMER
b1682,G6908-MONOMER
b2369,EVGA-MONOMER
b1322,EG12870-MONOMER
b2240,GLPT-MONOMER
b4387,EG10951-MONOMER
b0826,EG10154-MONOMER
b4350,EG10459-MONOMER
b3987,RPOB-MONOMER
b4440,RYFA-RNA
b3507,EG11889-MONOMER
b0734,CYDB-MONOMER
b0568,EG11740-MONOMER
b4048,EG11931-MONOMER
b1343,EG10210-MONOMER
b0862,ARTQ-MONOMER
b3196,YRBG-MONOMER
b2409,G7257-MONOMER
b1551,G6824-MONOMER
b0792,YBHR-MONOMER
b0193,EG12138-MONOMER
b3500,GLUTATHIONE-REDUCT-NADPH-MONOMER
b2758,G7428-MONOMER
b2817,G7458-MONOMER
b3265,EG10266-MONOMER
b4133,PD00436
b0476,EG11101-MONOMER
b3751,RBSB-MONOMER
b2535,G7329-MONOMER
b4482,EG11462-MONOMER
b0273,CHAINF-MONOMER
b3151,G7645-MONOMER
b1522,G6808-MONOMER
b2617,EG10952-MONOMER
b0102,EG12313-MONOMER
b3050,G7588-MONOMER
b4621,MONOMER0-2829
b0959,G6494-MONOMER
b3077,EG10253-MONOMER
b2244,EG12323-MONOMER
b0388,AROL-MONOMER
b3156,G7650-MONOMER
b1807,G6991-MONOMER
b1072,G357-MONOMER
b4044,DINF-MONOMER
b4422,RNA0-162
b2167,FRUA-MONOMER
b2731,PD02936
b2216,EG12385-MONOMER
b3061,TTDA-MONOMER
b1824,G7000-MONOMER
b1779,GAPDH-A-MONOMER
b4485,YTFR-MONOMER
b3817,EG11464-MONOMER
b1471,G6772-MONOMER
b1410,G6729-MONOMER
b1662,RIBOFLAVIN-SYN-MONOMER
b2517,EG12401-MONOMER
b1766,EG10968-MONOMER
b4286,G7907-MONOMER
b1092,MALONYL-COA-ACP-TRANSACYL-MONOMER
b1299,EG12431-MONOMER
b1723,6PFK-2-MONOMER
b0921,EG12167-MONOMER
b0932,EG10696-MONOMER
b3392,G7736-MONOMER
b0607,G6334-MONOMER
b2570,G7347-MONOMER
b0944,EG12397-MONOMER
b0642,LEUS-MONOMER
b2922,EG11244-MONOMER
b3679,YIDK-MONOMER
b3585,EG12289-MONOMER
b3106,G7620-MONOMER
b0443,G6244-MONOMER
b1255,EG11123-MONOMER
b4453,MONOMER0-921
b0466,EG12830-MONOMER
b0898,YCAD-MONOMER
b2175,G7147-MONOMER
b1537,EG11645-MONOMER
b3369,G7722-MONOMER
b0003,HOMOSERKIN-MONOMER
b4189,G7852-MONOMER
b2279,NUOK-MONOMER
b0646,G6353-MONOMER
b4201,EG10764-MONOMER
b1947,EG11224-MONOMER
b3956,PEPCARBOX-MONOMER
b0192,EG12137-MONOMER
b4016,ICITDEHASE-KIN-PHOSPHA
b0308,G6178-MONOMER
b0062,ARABISOM-MONOMER
b1834,G7007-MONOMER
b3688,EG11712-MONOMER
b3952,EG11911-MONOMER
b2642,G7377-MONOMER
b3251,EG10608-MONOMER
b4186,EG11812-MONOMER
b4476,GNTU-MONOMER
b1338,G6670-MONOMER
b1281,OROTPDECARB-MONOMER
b0713,G6382-MONOMER
b0520,G6289-MONOMER
b4521,MONOMER0-2666
b1676,PKI-MONOMER
b3555,EG12624-MONOMER
b2936,EG11291-MONOMER
b1280,EG12691-MONOMER
b0988,G6509-MONOMER
b3592,EG11762-MONOMER
b2076,B2076-MONOMER
b2080,G7117-MONOMER
b2710,G7413-MONOMER
b0421,FPPSYN-MONOMER
b0843,G6441-MONOMER
b4464,G7504-MONOMER
b3736,ATPF-MONOMER
b1160,G6600-MONOMER
b1655,G6892-MONOMER
b0633,EG10854-MONOMER
b2353,G7222-MONOMER
b0140,EG11973-MONOMER
b2411,EG10534-MONOMER
b4078,EG11951-MONOMER
b2293,G7187-MONOMER
b0334,G6199-MONOMER
b0205,RRFH-RRNA
b1077,FLGF-FLAGELLAR-MOTOR-ROD-PROTEIN
b3180,EG12794-MONOMER
b3864,SPF-RNA
b0874,G6458-MONOMER
b2205,NAPG-MONOMER
b4624,RNA0-333
b4241,EG12202-MONOMER
b3502,ARSF-MONOMER
b2862,G7482-MONOMER
b3719,EG11729-MONOMER
b0938,G6480-MONOMER
b3615,EG11266-MONOMER
b3720,EG11364-MONOMER
b4477,DEHYDDEOXPHOSGALACT-ALDOL-MONOMER
b0258,G6133-MONOMER
b2152,EG11290-MONOMER
b3969,gltT-tRNA
b1675,G6903-MONOMER
b3835,2-OCTAPRENYLPHENOL-HYDROX-MONOMER
b3154,G7648-MONOMER
b4373,EG10850-MONOMER
b1688,G6914-MONOMER
b0464,EG12116-MONOMER
b3739,EG10106-MONOMER
b0354,G6207-MONOMER
b4353,G7941-MONOMER
b0200,EG11736-MONOMER
b1361,G6685-MONOMER
b2337,G7208-MONOMER
b4398,CREB-MONOMER
b3823,RHTC-MONOMER
b2143,CYTIDEAM-MONOMER
b4210,G7867-MONOMER
b0704,EG11523-MONOMER
b3252,EG10018-MONOMER
b2547,YPHE-MONOMER
b4238,RIBONUCLEOSIDE-TRIP-REDUCT-MONOMER
b4432,RYEA-RNA
b3534,EG12261-MONOMER
b2897,G7510-MONOMER
b0389,EG11093-MONOMER
b3927,GLPF-MONOMER
b1500,MONOMER0-2841
b1624,G6868-MONOMER
b1412,G6731-MONOMER
b0733,CYDA-MONOMER
b1610,EG11038-MONOMER
b3366,NIRD-MONOMER
b0461,EG12429-MONOMER
b1177,G6614-MONOMER
b1594,PD01896
b3988,RPOC-MONOMER
b2243,ANGLYC3PDEHYDROGSUBUNITC-MONOMER
b0414,RIBOFLAVINSYNDEAM-MONOMER
b2347,G7217-MONOMER
b1949,EG11976-MONOMER
b3065,EG10920-MONOMER
b3769,SMALLILVM-MONOMER
b2345,G7215-MONOMER
b2387,G7250-MONOMER
b3102,G7616-MONOMER
b4655,MONOMER0-2840
b4479,G7790-MONOMER
b4553,MONOMER0-2689
b2832,G7460-MONOMER
b3461,RPOH-MONOMER
b2078,BAES-MONOMER
b4362,EG10244-MONOMER
b0244,thrW-tRNA
b4084,EG11956-MONOMER
b4458,OXYS-RNA
b4283,G7904-MONOMER
b1100,EG12303-MONOMER
b0636,EG11254-MONOMER
b1825,G7001-MONOMER
b3721,EG10114-MONOMER
b1519,G6806-MONOMER
b4487,MONOMER0-1541
b3905,PD00221
b4004,HYDG-MONOMER
b2308,HISQ-MONOMER
b4351,EG10612-MONOMER
b4272,MONOMER0-4254
b3572,VALINE-PYRUVATE-AMINOTRANSFER-MONOMER
b1102,EG10306-MONOMER
b2963,G7533-MONOMER
b3330,G7708-MONOMER
b3280,G7697-MONOMER
b0649,G6356-MONOMER
b2220,ATOC-MONOMER
b2445,G7275-MONOMER
b2553,PROTEIN-PII
b2639,G7374-MONOMER
b0731,HRSA-MONOMER
b1215,KDO-8PSYNTH-MONOMER
b4093,EG10724-MONOMER
b0044,EG11565-MONOMER
b2880,G7499-MONOMER
b3052,G7590-MONOMER
b1501,G6791-MONOMER
b3979,thrT-tRNA
b3345,G7714-MONOMER
b2262,NAPHTHOATE-SYN-MONOMER
b3650,SPOT-MONOMER
b3329,G7707-MONOMER
b3672,EG11275-MONOMER
b3348,EG11664-MONOMER
b1698,G6921-MONOMER
b4701,RNA0-357
b3025,G7575-MONOMER
b1791,B1791-MONOMER
b0483,G6259-MONOMER
b2231,EG10423-MONOMER
b4400,EG10145-MONOMER
b0518,G6287-MONOMER
b1554,G6827-MONOMER
b4517,MONOMER0-1701
b4254,CHAINI-MONOMER
b1754,G6949-MONOMER
b3190,G7657-MONOMER
b3605,L-LACTDEHYDROGFMN-MONOMER
b1486,YDDR-MONOMER
b2335,G7206-MONOMER
b3620,EG12210-MONOMER
b1320,G6658-MONOMER
b3906,PD00222
b3677,EG11697-MONOMER
b3521,EG12247-MONOMER
b4211,G7868-MONOMER
b1804,EG10858-MONOMER
b0593,ENTC-MONOMER
b3053,GLNE-MONOMER
b0049,EG10048-MONOMER
b3282,G7698-MONOMER
b0707,EG11108-MONOMER
b0930,ASNS-MONOMER
b3199,G7664-MONOMER
b3900,FRVA-MONOMER
b2815,metW-tRNA
b3178,EG11506-MONOMER
b2134,EG12015-MONOMER
b2828,EG12128-MONOMER
b4209,G7866-MONOMER
b1600,B1600-MONOMER
b4055,APHA-MONOMER
b2946,EG12366-MONOMER
b2724,HYCBSMALL-MONOMER
b4132,CADB-MONOMER
b2599,CHORISMUTPREPHENDEHYDRAT-MONOMER
b2214,EG12073-MONOMER
b3661,EG10657-MONOMER
b3127,YHAU-MONOMER
b1597,G6855-MONOMER
b3801,ARYLSULFAT-MONOMER
b1429,TEHA-MONOMER
b4138,DCUA-MONOMER
b3123,RNPB-RNA
b1089,EG10890-MONOMER
b0390,EG10083-MONOMER
b0141,EG12328-MONOMER
b0341,CYNX-MONOMER
b3247,EG11299-MONOMER
b3070,G7593-MONOMER
b1420,G6736-MONOMER
b1913,EG11063-MONOMER
b4260,EG10694-MONOMER
b0806,G6415-MONOMER
b4463,G7439-MONOMER
b2428,G7263-MONOMER
b4547,MONOMER0-2685
b4425,RNA0-164
b2687,EG12712-MONOMER
b3201,YHBG-MONOMER
b2494,G7311-MONOMER
b1841,G7014-MONOMER
b2597,EG11151-MONOMER
b1927,ALPHA-AMYL-CYTO-MONOMER
b3551,EG10124-MONOMER
b1635,GST-MONOMER
b1163,G6603-MONOMER
b3332,G7710-MONOMER
b0923,EG11252-MONOMER
b1535,EG11643-MONOMER
b3771,DIHYDROXYACIDDEHYDRAT-MONOMER
b1561,EG11129-MONOMER
b1897,TREHALOSEPHOSPHASYN-MONOMER
b2130,YEHY-MONOMER
b1506,G6796-MONOMER
b0468,EG12843-MONOMER
b1612,FUMA-MONOMER
b3187,OPPSYN-MONOMER
b2949,G7525-MONOMER
b2327,EG11144-MONOMER
b3043,EG12363-MONOMER
b2361,G7230-MONOMER
b2744,EG11817-MONOMER
b4397,EG11217-MONOMER
b1989,asnV-tRNA
b0594,ENTE-MONOMER
b0881,G6463-MONOMER
b3341,EG10906-MONOMER
b2147,EG11289-MONOMER
b3649,EG10899-MONOMER
b4067,YJCG-MONOMER
b0627,EG11305-MONOMER
b3498,EG11441-MONOMER
b1493,GLUTDECARBOXB-MONOMER
b4069,ACS-MONOMER
b3624,EG11426-MONOMER
b3044,MONOMER0-4253
b1772,G6959-MONOMER
b1270,COBALADENOSYLTRANS-MONOMER
b3591,EG10941-MONOMER
b1107,G6567-MONOMER
b1759,G6954-MONOMER
b3300,SECY
b2558,EG11373-MONOMER
b2189,proL-tRNA
b3825,EG10739-MONOMER
b0992,G6513-MONOMER
b1718,EG10506-MONOMER
b1424,EG12859-MONOMER
b3467,EG12213-MONOMER
b1746,SUCCGLUALDDEHYD-MONOMER
b0687,EG12197-MONOMER
b2958,EG12705-MONOMER
b0228,G6112-MONOMER
b4154,FUM-FLAVO
b4554,MONOMER0-2690
b2383,G7246-MONOMER
b3118,PD00268
b4027,EG11924-MONOMER
b2729,EG10486-MONOMER
b0040,CAIT-MONOMER
b2245,G7158-MONOMER
b2692,argZ-tRNA
b2566,EG10270-MONOMER
b0116,E3-MONOMER
b0149,EG10605-MONOMER
b2660,EG12387-MONOMER
b2405,EG11146-MONOMER
b1076,G361-MONOMER
b4376,EG11391-MONOMER
b0919,G6473-MONOMER
b3371,G7723-MONOMER
b4288,FECD-MONOMER
b1273,EG12868-MONOMER
b4076,EG11950-MONOMER
b4176,G7844-MONOMER
b4426,IS061-RNA
b1762,G6956-MONOMER
b2609,EG10915-MONOMER
b3299,EG11232-MONOMER
b4060,EG11937-MONOMER
b2630,G7365-MONOMER
b3407,G7746-MONOMER
b0900,G6467-MONOMER
b4602,MONOMER0-2822
b0786,G6403-MONOMER
b4528,MONOMER0-2671
b1214,EG11251-MONOMER
b2537,G7331-MONOMER
b3326,G7704-MONOMER
b1802,G6988-MONOMER
b2559,EG11372-MONOMER
b3090,G7608-MONOMER
b1650,G6890-MONOMER
b0980,APPA-MONOMER
b2119,EG11998-MONOMER
b1806,G6990-MONOMER
b3994,THIC-MONOMER
b4665,MONOMER0-2857
b1408,G6727-MONOMER
b3544,DPPA-MONOMER
b4163,glyV-tRNA
b3444,MONOMER0-4226
b0385,EG11257-MONOMER
b1532,EG11599-MONOMER
b3749,RBSA-MONOMER
b2762,PAPSSULFOTRANS-MONOMER
b3267,G7695-MONOMER
b3583,EG12287-MONOMER
b3899,FRVB-MONOMER
b3881,EG11846-MONOMER
b1389,G6710-MONOMER
b1514,YDEY-MONOMER
b0856,POTH-MONOMER
b2822,EG10825-MONOMER
b0325,G6190-MONOMER
b1342,G6674-MONOMER
b3270,YHDY-MONOMER
b3818,EG11465-MONOMER
b3712,EG11722-MONOMER
b1975,serU-tRNA
b0841,G6439-MONOMER
b3333,G7711-MONOMER
b4474,G7724-MONOMER
b0090,NACGLCTRANS-MONOMER
b1680,G6906-MONOMER
b0817,G6420-MONOMER
b1648,G6888-MONOMER
b0954,FABA-MONOMER
b3545,proK-tRNA
b2421,ACSERLYB-MONOMER
b2769,G7435-MONOMER
b2698,EG12080-MONOMER
b3062,TTDB-MONOMER
b2728,EG10485-MONOMER
b2515,EG10370-MONOMER
b4367,G7949-MONOMER
b0579,G6324-MONOMER
b4014,MALATE-SYNTHASE
b0569,EG11739-MONOMER
b1173,G6613-MONOMER
b0948,G6488-MONOMER
b0418,PGPPHOSPHAA-MONOMER
b3086,G7605-MONOMER
b3291,EG11180-MONOMER
b0805,G6414-MONOMER
b2170,B2170-MONOMER
b3233,G7681-MONOMER
b1469,NARU-MONOMER
b2857,G7477-MONOMER
b1960,EG11068-MONOMER
b2844,G7464-MONOMER
b3586,EG12290-MONOMER
b1183,EG11057-MONOMER
b4527,MONOMER0-2670
b0245,G6120-MONOMER
b0972,HYAA-MONOMER
b0250,G6125-MONOMER
b2108,EG11987-MONOMER
b4052,EG10236-MONOMER
b2001,G7081-MONOMER
b4311,G7921-MONOMER
b2273,G7180-MONOMER
b4668,MONOMER0-2858
b4101,EG10716-MONOMER
b1067,EG11537-MONOMER
b1438,G6749-MONOMER
b0288,G6159-MONOMER
b0696,EG10515-MONOMER
b1264,ANTHRANSYNCOMPI-MONOMER
b2534,G7328-MONOMER
b1550,G6823-MONOMER
b0022,G6086-MONOMER
b0134,3-CH3-2-OXOBUTANOATE-OH-CH3-XFER-MONOMER
b0458,G6253-MONOMER
b2258,G7171-MONOMER
b4684,MONOMER0-2883
b0160,DGTPTRIPHYDRO-MONOMER
b2737,G7418-MONOMER
b0425,2-DEHYDROPANTOATE-REDUCT-MONOMER
b2415,PTSH-MONOMER
b2339,G7210-MONOMER
b0564,PD00967
b0025,RIBF-MONOMER
b1918,G7037-MONOMER
b0319,G6184-MONOMER
b1210,GLUTRNAREDUCT-MONOMER
b0396,ARAJ-MONOMER
b2743,EG10689-MONOMER
b4470,G7622-MONOMER
b2796,SDAC-MONOMER
b3173,G7655-MONOMER
b1070,G6562-MONOMER
b1178,G6615-MONOMER
b1377,G6700-MONOMER
b0386,PYRROLINECARBREDUCT-MONOMER
b4162,G7842-MONOMER
b2820,EG10824-MONOMER
b0080,PD00521
b3896,EG11860-MONOMER
b1207,PRPPSYN-MONOMER
b1581,G6839-MONOMER
b3325,G7703-MONOMER
b1096,ADCLY-MONOMER
b3213,GLUSYNSMALL-MONOMER
b0891,G6465-MONOMER
b4296,YJHF-MONOMER
b0394,EG11288-MONOMER
b0162,EG12335-MONOMER
b2720,HYCF-MONOMER
b2238,EG12881-MONOMER
b4386,EG11796-MONOMER
b2924,EG11160-MONOMER
b2590,gltW-tRNA
b1950,EG11977-MONOMER
b1719,THRS-MONOMER
b2883,G7502-MONOMER
b4062,PD00406
b2470,ACRD-MONOMER
b1225,NARH-MONOMER
b1006,B1006-MONOMER
b3056,EG10136-MONOMER
b2123,EG12004-MONOMER
b0927,G6475-MONOMER
b4053,ALARACEBIOSYN-MONOMER
b0585,EG10299-MONOMER
b0791,G6408-MONOMER
b1787,G6973-MONOMER
b3985,EG10871-MONOMER
b1193,G6622-MONOMER
b0577,G6323-MONOMER
b0050,EG10047-MONOMER
b2097,FRUCBISALD-CLASSI-MONOMER
b3099,G7613-MONOMER
b1357,G6681-MONOMER
b0168,EG10570-MONOMER
b4179,EG11259-MONOMER
b2303,H2NTPEPIM-MONOMER
b1607,G6863-MONOMER
b4155,EG11211-MONOMER
b1390,G6711-MONOMER
b3415,GNTT-MONOMER
b1910,cysT-tRNA
b1609,RSTB-MONOMER
b2669,EG11554-MONOMER
b1108,G6568-MONOMER
b0356,ADHC-MONOMER
b3618,EG11188-MONOMER
b1396,G6717-MONOMER
b0623,EG12179-MONOMER
b3239,G7684-MONOMER
b0233,G6117-MONOMER
b1291,SAPD-MONOMER
b4535,MONOMER0-2675
b2795,EG12373-MONOMER
b3136,G7634-MONOMER
b2481,MONOMER0-152
b3283,G7699-MONOMER
b1222,NARX-MONOMER
b3486,YHIH-MONOMER
b2065,DCTP-DEAM-MONOMER
b2791,G7449-MONOMER
b0809,GLNQ-MONOMER
b1167,G6607-MONOMER
b3134,G7633-MONOMER
b1617,BETA-GLUCURONID-MONOMER
b1352,EG12155-MONOMER
b1643,G6883-MONOMER
b3553,MONOMER-43
b2794,G7452-MONOMER
b1566,G6833-MONOMER
b2739,G7420-MONOMER
b0940,G6482-MONOMER
b4679,MONOMER0-2879
b0934,YCBM-MONOMER
b0998,EG12195-MONOMER
b1605,ARCD-MONOMER
b2814,metZ-tRNA
b0216,aspV-tRNA
b0618,CITC-MONOMER
b2588,RRFG-RRNA
b1889,MOTB-FLAGELLAR-MOTOR-STATOR-PROTEIN
b3149,YRAO-MONOMER
b4529,MONOMER0-2672
b0969,EG12876-MONOMER
b1800,G6986-MONOMER
b3765,EG11260-MONOMER
b3324,G7702-MONOMER
b3002,G7559-MONOMER
b2169,FRUB-MONOMER
b1394,G6715-MONOMER
b2366,DSERDEAM-MONOMER
b3068,EG12717-MONOMER
b3873,EG11839-MONOMER
b0006,EG10011-MONOMER
b3559,GLYS-MONOMER
b0307,G6177-MONOMER
b0771,G6401-MONOMER
b2029,6PGLUCONDEHYDROG-MONOMER
b4124,DCUR-MONOMER
b2136,EG12017-MONOMER
b1659,EG12140-MONOMER
b3957,ACETYLORNDEACET-MONOMER
b3857,EG11829-MONOMER
b1388,G6709-MONOMER
b3274,RRFD-RRNA
b3770,BRANCHED-CHAINAMINOTRANSFER-MONOMER
b3877,YIHP-MONOMER
b3501,EG12235-MONOMER
b1769,YDJE-MONOMER
b2484,MONOMER0-141
b3554,EG12273-MONOMER
b2161,YEIJ-MONOMER
b3349,EG11663-MONOMER
b0427,B0427-MONOMER
b0601,G6330-MONOMER
b2105,G7137-MONOMER
b3811,EG11069-MONOMER
b3222,NANK-MONOMER
b3717,EG11727-MONOMER
b4670,MONOMER0-2869
b4038,EG11927-MONOMER
b2592,EG10157-MONOMER
b0920,EG12166-MONOMER
b1880,G7028-MONOMER
b1159,EG10573-MONOMER
b0295,G6166-MONOMER
b3448,EG11184-MONOMER
b4526,MONOMER0-1001
b3037,EG11164-MONOMER
b1034,G6540-MONOMER
b2465,TRANSKETOII-MONOMER
b4200,EG10905-MONOMER
b0869,G6454-MONOMER
b0392,G6231-MONOMER
b0556,G6311-MONOMER
b4065,YJCE-MONOMER
b0053,EG10985-MONOMER
b4315,EG11974-MONOMER
b2149,MGLA-MONOMER
b2798,EG12372-MONOMER
b0958,EG10984-MONOMER
b3357,PD00257
b3656,EG11685-MONOMER
b1334,PD00197
b2919,G7516-MONOMER
b3516,EG12243-MONOMER
b0415,LUMAZINESYN-MONOMER
b2738,G7419-MONOMER
b2906,EG11333-MONOMER
b4119,ALPHAGALACTOSID-MONOMER
b0164,EG12337-MONOMER
b1786,G6972-MONOMER
b4483,EG11481-MONOMER
b1122,G6579-MONOMER
b1135,G6581-MONOMER
b0807,G6416-MONOMER
b3470,EG12216-MONOMER
b3776,G7797-MONOMER
b3162,EG10215-MONOMER
b2150,MGLB-MONOMER
b1085,G6563-MONOMER
b0975,EG10471-MONOMER
b0029,EG11081-MONOMER
b3082,G7601-MONOMER
b4545,MONOMER0-2683
b4319,EG10314-MONOMER
b1717,EG11231-MONOMER
b4294,G7908-MONOMER
b2056,G7101-MONOMER
b2468,EG12409-MONOMER
b2046,G7097-MONOMER
b0477,GSK-MONOMER
b0470,EG10245-MONOMER
b1793,G6979-MONOMER
b0498,EG11769-MONOMER
b0126,EG12319-MONOMER
b4414,T44-RNA
b0383,ALKAPHOSPHA-MONOMER
b4480,EG11449-MONOMER
b2190,EG12051-MONOMER
b3645,EG11193-MONOMER
b2571,G7348-MONOMER
b0808,G6417-MONOMER
b4182,G7847-MONOMER
b4369,leuP-tRNA
b4469,G7568-MONOMER
b3313,EG10877-MONOMER
b3508,EG11400-MONOMER
b4302,SGCA-MONOMER
b1261,TRYPSYN-BPROTEIN
b2355,G7224-MONOMER
b2392,YFEP-MONOMER
b3513,EG12240-MONOMER
b3063,YGJE-MONOMER
b0840,PD01196
b1930,EG11661-MONOMER
b3288,EG11268-MONOMER
b0315,EG11236-MONOMER
b3293,EG11970-MONOMER
b0736,EG11110-MONOMER
b3756,RRSC-RRNA
b4019,HOMOCYSMETB12-MONOMER
b4131,LYSDECARBOX-MONOMER
b3455,LIVG-MONOMER
b1150,G6594-MONOMER
b3665,EG11692-MONOMER
b2863,G7483-MONOMER
b0912,PD00348
b2224,ACETYL-COA-ACETYLTRANSFER-MONOMER
b1916,PD02198
b1319,G6657-MONOMER
b3261,PD00196
b3130,G7629-MONOMER
b2410,EG12376-MONOMER
b2378,PALMITOTRANS-MONOMER
b4002,EG11918-MONOMER
b4625,RNA0-334
b0275,MONOMER0-4227
b3079,G7598-MONOMER
b4441,TKE1-RNA
b4418,SRAB-RNA
b4585,RNA0-123
b1716,EG10881-MONOMER
b0377,SBMA-MONOMER
b0743,lysT-tRNA
b4293,PD00440
b4040,4OHBENZOATE-OCTAPRENYLTRANSFER-MONOMER
b1384,G6706-MONOMER
b0852,EG10852-MONOMER
b3509,EG11399-MONOMER
b4603,RNA0-327
b0316,G6181-MONOMER
b1140,EG12370-MONOMER
b1993,COBU-MONOMER
b2694,argV-tRNA
b3675,EG11695-MONOMER
b2670,G7399-MONOMER
b1757,G6952-MONOMER
b1853,EG12860-MONOMER
b2677,PROV-MONOMER
b0482,G6258-MONOMER
b2433,G7268-MONOMER
b2092,GATC-MONOMER
b3331,G7709-MONOMER
b4533,MONOMER0-2674
b1470,G6771-MONOMER
b3673,EMRD-MONOMER
b0754,AROG-MONOMER
b3409,FEOB-MONOMER
b2804,EG10355-MONOMER
b2479,EG11149-MONOMER
b4342,G7938-MONOMER
b1999,G7079-MONOMER
b0748,RNA0-302
b0232,G6116-MONOMER
b3054,EG11603-MONOMER
b0226,G6110-MONOMER
b0469,ADENPRIBOSYLTRAN-MONOMER
b1082,EG11967-MONOMER
b1120,G6577-MONOMER
b3234,G7682-MONOMER
b3428,GLYCOPHOSPHORYL-MONOMER
b2608,EG11153-MONOMER
b2008,EG11891-MONOMER
b1202,G6629-MONOMER
b0285,G6156-MONOMER
b1790,G6976-MONOMER
b1789,G6975-MONOMER
b0977,EG10473-MONOMER
b3013,G7566-MONOMER
b1715,EG11272-MONOMER
b1043,G6548-MONOMER
b4171,EG10595-MONOMER
b1968,G7056-MONOMER
b2278,NUOL-MONOMER
b4030,EG11209-MONOMER
b2079,BAER-MONOMER
b2064,EG11361-MONOMER
b1508,EG10442-MONOMER
b1970,G7058-MONOMER
b1758,G6953-MONOMER
b3167,EG11178-MONOMER
b2226,G7153-MONOMER
b0324,G6189-MONOMER
b2625,G7360-MONOMER
b0494,THIOESTERI-MONOMER
b2586,EG12857-MONOMER
b4393,PD00423
b0913,EG12375-MONOMER
b3139,AGAC-MONOMER
b0030,EG11082-MONOMER
b2148,MGLC-MONOMER
b2719,HYCG-MONOMER
b2634,G7369-MONOMER
b4421,MONOMER0-1602
b2939,G7521-MONOMER
b4005,GLYCRIBONUCSYN-MONOMER
b3421,G7751-MONOMER
b4611,RNA0-332
b0544,G6300-MONOMER
b0833,G6433-MONOMER
b4057,EG11936-MONOMER
b2061,G7106-MONOMER
b0951,G6491-MONOMER
b1871,G7021-MONOMER
b3942,HYDROPEROXIDI-MONOMER
b1940,EG11656-MONOMER
b3244,G7689-MONOMER
b4429,RNA0-165
b1850,KDPGALDOL-4OH2OXOGLUTARALDOL-MONOMER
b1527,G6813-MONOMER
b2250,G7163-MONOMER
b0827,EG10153-MONOMER
b0842,CMR-MONOMER
b3257,G7693-MONOMER
b0590,FEPD-MONOMER
b3761,trpT-tRNA
b1083,EG11545-MONOMER
b1461,EG11761-MONOMER
b0901,EG12702-MONOMER
b4190,G7853-MONOMER
b3343,G7712-MONOMER
b4195,YJFU-MONOMER
b3014,G7567-MONOMER
b2678,PROW-MONOMER
b3674,EG11694-MONOMER
b3891,EG10284-MONOMER
b2615,MONOMER0-541
b3319,EG10867-MONOMER
b1813,EG12693-MONOMER
b1794,G6980-MONOMER
b2945,EG11336-MONOMER
b2561,EG12308-MONOMER
b1576,EG11303-MONOMER
b2193,NARP-MONOMER
b3926,GLYCEROL-KIN-MONOMER
b0019,NHAA-MONOMER
b1229,EG11016-MONOMER
b1216,CHAA-MONOMER
b3960,ARGSUCCINLYA-MONOMER
b4506,MONOMER0-2656
b4178,EG11212-MONOMER
b0098,SECA
b1194,G6623-MONOMER
b3846,FADB-MONOMER
b1547,G6821-MONOMER
b2934,CMTB-MONOMER
b0124,GLUCDEHYDROG-MONOMER
b0628,EG11306-MONOMER
b3860,DISULFOXRED-MONOMER
b3980,EG11037-MONOMER
b1450,G6761-MONOMER
b3066,EG10239-MONOMER
b4677,MONOMER0-2871
b2799,LACTALDREDUCT-MONOMER
b2607,EG11023-MONOMER
b0554,G6309-MONOMER
b4156,YJEM-MONOMER
b1186,NHAB-MONOMER
b0551,G6307-MONOMER
b3669,UHPA-MONOMER
b1029,G6536-MONOMER
b0922,EG12165-MONOMER
b4109,EG11210-MONOMER
b3548,EG12269-MONOMER
b0152,FHUD-MONOMER
b3868,PROTEIN-NRI
b2721,HYCELARGE-MONOMER
b1353,EG12154-MONOMER
b1929,EG11660-MONOMER
b2289,EG12123-MONOMER
b0614,G6340-MONOMER
b4389,EG11296-MONOMER
b2666,G7396-MONOMER
b1380,DLACTDEHYDROGNAD-MONOMER
b3806,ADENYLATECYC-MONOMER
b4295,G7909-MONOMER
b0815,G6418-MONOMER
b3530,EG12257-MONOMER
b3898,EG11862-MONOMER
b3229,EG10977-MONOMER
b1972,G7060-MONOMER
b3535,EG12262-MONOMER
b1990,G7073-MONOMER
b3833,2-OCTAPRENYL-METHOXY-BENZOQ-METH-MONOMER
b1875,G7025-MONOMER
b4164,glyX-tRNA
b1761,GDHA-MONOMER
b3264,EG11741-MONOMER
b0532,G6292-MONOMER
b1856,EG10013-MONOMER
b3634,PANTEPADENYLYLTRAN-MONOMER
b1252,EG11012-MONOMER
b2573,RPOE-MONOMER
b0336,CODB-MONOMER
b1290,SAPF-MONOMER
b3207,G7667-MONOMER
b0721,SDH-MEMB1
b1534,YDEF-MONOMER
b3101,G7615-MONOMER
b2671,EG12201-MONOMER
b0588,FEPC-MONOMER
b4143,EG10599-MONOMER
b1564,EG10836-MONOMER
b1040,PD01379
b0535,EG11103-MONOMER
b1372,G6695-MONOMER
b3397,G7740-MONOMER
b2183,EG12044-MONOMER
b0110,EG10041-MONOMER
b2904,GCVH-MONOMER
b1988,G7072-MONOMER
b0507,GLYOCARBOLIG-MONOMER
b3909,KDGT-MONOMER
b0209,EG11650-MONOMER
b1253,EG11121-MONOMER
b0387,G6230-MONOMER
b2452,G7282-MONOMER
b1752,G6947-MONOMER
b0730,PD01103
b1325,G6661-MONOMER
b4310,G7920-MONOMER
b2760,G7430-MONOMER
b3526,DEOXYGLUCONOKIN-MONOMER
b0571,G6319-MONOMER
b4198,G7860-MONOMER
b0263,G6137-MONOMER
b1890,MOTA-FLAGELLAR-MOTOR-STATOR-PROTEIN
b0013,G8202-MONOMER
b0851,EG11261-MONOMER
b0441,G6242-MONOMER
b2317,EG10216-MONOMER
b2454,G7284-MONOMER
b0002,ASPKINIHOMOSERDEHYDROGI-MONOMER
b4117,ARGDECARBOXDEG-MONOMER
b3169,EG10665-MONOMER
b0528,EG12879-MONOMER
b3529,EG12256-MONOMER
b1730,G6935-MONOMER
b0739,EG11007-MONOMER
b1777,G6964-MONOMER
b1458,G6767-MONOMER
b1054,LAUROYLACYLTRAN-MONOMER
b1433,B1433-MONOMER
b3808,G7802-MONOMER
b2182,BCR-MONOMER
b4129,LYSU-MONOMER
b4242,MGTA-MONOMER
b4674,MONOMER0-2873
b1250,KCH-MONOMER
b2825,EG11156-MONOMER
b1915,EG12861-MONOMER
b4454,RDLD-RNA
b3581,EG12285-MONOMER
b0293,G6164-MONOMER
b1711,BTUC-MONOMER
b3852,ileT-tRNA
b3347,G7716-MONOMER
b3328,G7706-MONOMER
b1370,G6693-MONOMER
b2163,EG12031-MONOMER
b3820,EG11467-MONOMER
b0997,TORA-MONOMER
b3953,EG11912-MONOMER
b2187,EG12043-MONOMER
b1876,ARGS-MONOMER
b0442,G6243-MONOMER
b1556,G6829-MONOMER
b4588,MONOMER0-2813
b2095,G7128-MONOMER
b2539,HCAA2-MONOMER
b1256,EG11124-MONOMER
b0650,G6357-MONOMER
b4013,HOMSUCTRAN-MONOMER
b1074,FLGC-FLAGELLAR-MOTOR-ROD-PROTEIN
b1247,OPPF-MONOMER
b0661,G6364-MONOMER
b4514,MONOMER0-2662
b0662,OCTAPRENYL-METHYL-METHOXY-BENZOQ-OH-MON
b3277,ileU-tRNA
b0877,G6460-MONOMER
b1795,G6981-MONOMER
b0036,CARNRACE-MONOMER
b0834,G6434-MONOMER
b2349,G7218-MONOMER
b0094,EG10339-MONOMER
b4160,PSD-MONOMER
b0399,PHOB-MONOMER
b0426,G6240-MONOMER
b3754,YIEO-MONOMER
b2768,G7434-MONOMER
b2925,FRUCTBISALD-CLASSII-MONOMER
b0428,HEMEOSYN-MONOMER
b3514,YHIV-MONOMER
b4246,EG11279-MONOMER
b4412,MONOMER0-1564
b1382,G6704-MONOMER
b0555,G6310-MONOMER
b4601,MONOMER0-2821
b0644,G6351-MONOMER
b2893,DSBC-MONOMER
b0659,G6362-MONOMER
b2286,NUOC-MONOMER
b1386,AMINEOXID-MONOMER
b2879,G7498-MONOMER
b3597,EG11764-MONOMER
b1125,POTB-MONOMER
b3726,PSTA-MONOMER
b1836,G7009-MONOMER
b1171,G6611-MONOMER
b3370,YHFM-MONOMER
b0933,YCBE-MONOMER
b2593,EG12097-MONOMER
b2463,MALIC-NADP-MONOMER
b2775,B2775-MONOMER
b2580,EG11058-MONOMER
b2572,EG12341-MONOMER
b4305,SGCB-MONOMER
b0533,G6293-MONOMER
b3442,G7759-MONOMER
b3230,EG10908-MONOMER
b0014,EG10241-MONOMER
b1613,MANNPISOM-MONOMER
b4271,EG12364-MONOMER
b1276,ACONITASE-MONOMER
b2641,G7376-MONOMER
b2525,FERREDOXIN-MONOMER
b1220,EG12405-MONOMER
b1146,G6590-MONOMER
b2605,EG11152-MONOMER
b0976,EG10472-MONOMER
b2975,B2975-MONOMER
b2706,PD00345
b0858,G6448-MONOMER
b1045,G6550-MONOMER
b1182,G6619-MONOMER
b4094,EG10723-MONOMER
b4092,EG10725-MONOMER
b1982,AMP-NUCLEOSID-MONOMER
b0051,EG10523-MONOMER
b1286,EG11620-MONOMER
b1652,EG11547-MONOMER
b0889,PD00353
b2270,G7177-MONOMER
b3153,G7647-MONOMER
b2133,DLACTDEHYDROGFAD-MONOMER
b2067,EG12396-MONOMER
b1248,G6633-MONOMER
b3067,RPOD-MONOMER
b2158,EG12027-MONOMER
b0107,EG12106-MONOMER
b2023,GLUTAMIDOTRANS-MONOMER
b3562,EG11186-MONOMER
b2229,G7156-MONOMER
b4699,RNA0-349
b1399,G6720-MONOMER
b3907,RHAT-MONOMER
b3351,G7717-MONOMER
b0460,EG10439-MONOMER
b3405,OMPR-MONOMER
b3374,G7726-MONOMER
b0121,SPERMIDINESYN-MONOMER
b3600,MANNPDEHYDROG-MONOMER
b4123,DCUB-MONOMER
b1816,G6997-MONOMER
b3179,EG11507-MONOMER
b4284,MONOMER0-4233
b2707,PD00283
b0114,E1P-MONOMER
b0962,EG10426-MONOMER
b4544,MONOMER0-2682
b1442,YDCU-MONOMER
b3185,EG50002-MONOMER
b3145,G7640-MONOMER
b4252,G7883-MONOMER
b1687,G6913-MONOMER
b1509,G6797-MONOMER
b0561,G6315-MONOMER
b0778,DETHIOBIOTIN-SYN-MONOMER
b1926,EG11389-MONOMER
b3651,EG10967-MONOMER
b0063,RIBULOKIN-MONOMER
b1817,MANX-MONOMER
b3750,RBSC-MONOMER
b3334,EG12173-MONOMER
b3613,EG12297-MONOMER
b1393,G6714-MONOMER
b2690,G7408-MONOMER
b4612,MONOMER0-2826
b2513,G7321-MONOMER
b0239,EG11091-MONOMER
b4224,EG11250-MONOMER
b1492,XASA-MONOMER
b1347,EG11901-MONOMER
b2668,G7398-MONOMER
b1358,G6682-MONOMER
b3646,EG11683-MONOMER
b4219,EG11433-MONOMER
b0559,G6314-MONOMER
b0413,EG11320-MONOMER
b0475,PROTOHEME-FERROCHELAT-MONOMER
b0964,G6498-MONOMER
b0484,G6260-MONOMER
b0971,serT-tRNA
b0199,ABC-MONOMER
b2726,EG10483-MONOMER
b3659,B3659-MONOMER
b0784,EG11597-MONOMER
b0506,G6276-MONOMER
b2780,CTPSYN-MONOMER
b2373,G7236-MONOMER
b4051,QOR-MONOMER
b2910,EG12878-MONOMER
b1523,G6809-MONOMER
b1036,G6542-MONOMER
b1497,G6787-MONOMER
b1087,EG11438-MONOMER
b3262,EG11498-MONOMER
b1585,G6843-MONOMER
b2705,SORB6PDEHYDROG-MONOMER
b1846,EG11806-MONOMER
b4041,GLYCEROL-3-P-ACYLTRANSFER-MONOMER
b4443,GCVB-RNA
b3487,EG12224-MONOMER
b0557,G6312-MONOMER
b3569,EG20253-MONOMER
b4675,MONOMER0-2875
b4167,EG11758-MONOMER
b1318,YCJV-MONOMER
b3218,MONOMER0-4240
b2628,G7363-MONOMER
b1575,EG10227-MONOMER
b1397,G6718-MONOMER
b4077,GLTP-MONOMER
b1478,ADHP-MONOMER
b0041,EG11562-MONOMER
b4431,RPRA-RNA
b3923,EG11877-MONOMER
b4662,MONOMER0-2842
b0871,PYRUVOXID-MONOMER
b1268,G6636-MONOMER
b4558,MONOMER0-2693
b4261,G7888-MONOMER
b0048,DIHYDROFOLATEREDUCT-MONOMER
b2921,G7518-MONOMER
b1781,G6967-MONOMER
b0695,KDPD-MONOMER
b2865,G7484-MONOMER
b2665,G7395-MONOMER
b3577,MONOMER0-422
b0480,USHA-MONOMER
b2003,G7083-MONOMER
b3547,YHJX-MONOMER
b4227,YTFQ-MONOMER
b0473,EG10461-MONOMER
b3483,EG11520-MONOMER
b3133,G7632-MONOMER
b2935,TRANSKETOI-MONOMER
b2362,G7231-MONOMER
b4546,MONOMER0-2684
b0523,PURE-MONOMER
b4166,G7843-MONOMER
b3951,EG11910-MONOMER
b0810,GLNP-MONOMER
b3785,EG11295-MONOMER
b4118,PD00208
b0653,GLTK-MONOMER
b0812,EG11415-MONOMER
b2782,EG11249-MONOMER
b3683,GLVC-MONOMER
b3793,FUC4NACTRANS-MONOMER
b3574,EG12278-MONOMER
b1528,YDEA-MONOMER
b1267,G6635-MONOMER
b3735,ATPH-MONOMER
b3124,GKI-MONOMER
b0440,EG10467-MONOMER
b3174,leuU-tRNA
b3398,G7741-MONOMER
b0716,G6385-MONOMER
b1124,POTC-MONOMER
b4475,G7750-MONOMER
b0709,B0709-MONOMER
b2823,EG11154-MONOMER
b3046,G7585-MONOMER
b2312,PRPPAMIDOTRANS-MONOMER
b2886,G7505-MONOMER
b0283,G6154-MONOMER
b0772,EG12875-MONOMER
b1944,EG10322-MONOMER
b1143,G6587-MONOMER
b2565,EG10832-MONOMER
b3020,YGIS-MONOMER
b3686,EG11535-MONOMER
b2203,NAPB-MONOMER
b3434,G7753-MONOMER
b1155,G6598-MONOMER
b3587,EG12291-MONOMER
b0408,SECD
b4511,MONOMER0-2659
b2956,EG12704-MONOMER
b2020,HISTDEHYD-MONOMER
b2965,ORNDECARBOX-BIO-MONOMER
b3170,EG11179-MONOMER
b3983,EG10872-MONOMER
b3884,EG11849-MONOMER
b2275,G7182-MONOMER
b2971,G7538-MONOMER
b3723,EG10116-MONOMER
b4436,RYEC-RNA
b3243,G7688-MONOMER
b3378,G7730-MONOMER
b2016,G7089-MONOMER
b2783,EG10571-MONOMER
b2049,MANNPGUANYLTRANGDP-MONOMER
b2663,GABP-MONOMER
b1431,G6742-MONOMER
b0670,glnU-tRNA
b3657,YICJ-MONOMER
b3515,EG12242-MONOMER
b0799,EG11357-MONOMER
b0086,UDP-NACMURALGLDAPAALIG-MONOMER
b4375,EG12114-MONOMER
b2686,EMRB-MONOMER
b0531,G6291-MONOMER
b2650,G7385-MONOMER
b1365,G6688-MONOMER
b4356,YJIZ-MONOMER
b2382,G7245-MONOMER
b0839,EG10203-MONOMER
b4011,EG11206-MONOMER
b2741,RPOS-MONOMER
b3089,YGJU-MONOMER
b3344,G7713-MONOMER
b3916,6PFK-1-MONOMER
b3912,CPXR-MONOMER
b3517,GLUTDECARBOXA-MONOMER
b2368,G7233-MONOMER
b0314,BETT-MONOMER
b0217,G6101-MONOMER
b2873,G7492-MONOMER
b3362,EG12374-MONOMER
b4046,EG11929-MONOMER
b3003,EG11292-MONOMER
b2876,G7495-MONOMER
b4316,EG10310-MONOMER
b3653,GLTS-MONOMER
b3403,PEPCARBOXYKIN-MONOMER
b2104,THZ-KIN-MONOMER
b0039,CROBETREDUCT-MONOMER
b3560,GLYQ-MONOMER
b1924,EG10841-MONOMER
b1614,G6865-MONOMER
b2252,G7165-MONOMER
b2451,G7281-MONOMER
b0825,G6428-MONOMER
b1260,TRYPSYN-APROTEIN
b0850,EG12842-MONOMER
b3339,EG11036-MONOMER
b4170,EG11281-MONOMER
b3238,G7683-MONOMER
b0936,G6478-MONOMER
b1251,EG11607-MONOMER
b1404,G6725-MONOMER
b2957,ANSB-MONOMER
b3287,EG11440-MONOMER
b3049,EG11381-MONOMER
b1084,EG10859-MONOMER
b4504,MONOMER0-2654
b3752,RIBOKIN-MONOMER
b0323,G6188-MONOMER
b1956,G7049-MONOMER
b0536,argU-tRNA
b1137,G6582-MONOMER
b2926,PGK
b1546,G6820-MONOMER
b4345,EG10575-MONOMER
b1103,EG12172-MONOMER
b0446,G6246-MONOMER
b3260,EG11311-MONOMER
b1831,EG12866-MONOMER
b3954,EG11913-MONOMER
b2699,EG10823-MONOMER
b2035,EG11982-MONOMER
b1524,G6810-MONOMER
b3418,PD00237
b3527,EG12254-MONOMER
b3382,G7734-MONOMER
b0179,UDPHYDROXYMYRGLUCOSAMNACETYLTRANS-MONO
b2685,EG11354-MONOMER
b2531,G7326-MONOMER
b2230,EG11142-MONOMER
b3861,EG11832-MONOMER
b3524,EG12251-MONOMER
b1896,TREHALOSE6PSYN-MONOMER
b3163,EG12371-MONOMER
b4666,MONOMER0-2855
b1555,G6828-MONOMER
b2388,GLUCOKIN-MONOMER
b3040,EG11167-MONOMER
b3388,EG11183-MONOMER
b1713,PHET-MONOMER
b1313,G6651-MONOMER
b3018,1-ACYLGLYCEROL-3-P-ACYLTRANSFER-MONOMER
b1147,G6591-MONOMER
b0738,EG11011-MONOMER
b1269,EG12433-MONOMER
b3949,FRWC-MONOMER
b0368,MONOMER0-147
b4029,EG11926-MONOMER
b2905,GCVT-MONOMER
b2127,EG12008-MONOMER
b1002,GLUCOSE-1-PHOSPHAT-MONOMER
b3126,KDGALDOL-MONOMER
b1244,OPPB-MONOMER
b1602,PNTB-MONOMER
b4512,MONOMER0-2660
b0658,G6361-MONOMER
b3057,EG11665-MONOMER
b3271,YHDZ-MONOMER
b2717,G7414-MONOMER
b2126,EG12007-MONOMER
b0436,EG11003-MONOMER
b0586,ENTF-MONOMER
b1837,G7010-MONOMER
b1623,ADENODEAMIN-MONOMER
b1997,MONOMER0-4251
b1870,G7020-MONOMER
b2459,G7289-MONOMER
b3685,EG11536-MONOMER
b1285,G6639-MONOMER
b2184,EG12045-MONOMER
b1857,ZNUA-MONOMER
b0142,H2PTERIDINEPYROPHOSPHOKIN-MONOMER
b0159,EG11090-MONOMER
b3828,PD03938
b2898,G7511-MONOMER
b4165,glyY-tRNA
b4015,ISOCIT-LYASE-MONOMER
b1346,G6677-MONOMER
b2284,NUOF-MONOMER
b0330,G6195-MONOMER
b1920,G7039-MONOMER
b1381,G6703-MONOMER
b0398,EG11094-MONOMER
b2767,G7433-MONOMER
b0338,PD00291
b1327,G6663-MONOMER
b1627,G6871-MONOMER
b2159,EG10651-MONOMER
b3092,UXAC-MONOMER
b3854,RRLA-RRNA
b4610,MONOMER0-2825
b3146,G7641-MONOMER
b0103,EG12312-MONOMER
b4111,PROP-MONOMER
b0846,G6444-MONOMER
b3824,RHTB-MONOMER
b1938,FLIF-FLAGELLAR-MS-RING
b0904,FOCA-MONOMER
b1549,G6822-MONOMER
b2747,G7423-MONOMER
b3701,EG10242-MONOMER
b0978,APPC-MONOMER
b2774,G7440-MONOMER
b3870,GLUTAMINESYN-MONOMER
b1649,G6889-MONOMER
b2455,G7285-MONOMER
b1931,EG11662-MONOMER
b1584,SPERMACTRAN-MONOMER
b4391,YJJK-MONOMER
b4522,MONOMER0-2885
b1483,YDDO-MONOMER
b0527,EG12708-MONOMER
b1271,EG11759-MONOMER
b4270,leuX-tRNA
b0351,MHPF-MONOMER
b3072,G7595-MONOMER
b2471,EG11147-MONOMER
b3278,RRSD-RRNA
b4009,RRLE-RRNA
b0961,G6496-MONOMER
b2520,G7323-MONOMER
b3945,GLYCDEH-MONOMER
b0829,YLIA-MONOMER
b0870,LTAA-MONOMER
b1495,EG11743-MONOMER
b1862,EG11136-MONOMER
b3797,hisR-tRNA
b1601,G6859-MONOMER
b3799,proM-tRNA
b1832,G7005-MONOMER
b2809,G7453-MONOMER
b1894,MONOMER0-4225
b3321,EG10909-MONOMER
b1046,G6551-MONOMER
b4152,FUM-MEMB1
b2636,G7371-MONOMER
b3384,TRPS-MONOMER
b2181,EG12042-MONOMER
b2329,AROC-MONOMER
b1121,G6578-MONOMER
b1245,OPPC-MONOMER
b4705,MONOMER0-4216
b1755,YNJC-MONOMER
b2276,NUON-MONOMER
b0352,MHPELY-MONOMER
b0931,NICOTINATEPRIBOSYLTRANS-MONOMER
b2944,EG12122-MONOMER
b0899,YCAM
b1232,FORMYLTHFDEFORMYL-MONOMER
b2595,G7352-MONOMER
b1231,tyrT-tRNA
b3795,YIFK-MONOMER
b1126,POTA-MONOMER
b2071,G7110-MONOMER
b1801,YEAV-MONOMER
b0720,CITSYN-MONOMER
b0685,EG11775-MONOMER
b0768,G6398-MONOMER
b2759,G7429-MONOMER
b3700,EG10828-MONOMER
b3707,EG11276-MONOMER
b3728,PSTS-MONOMER
b0708,EG10736-MONOMER
b3943,EG11902-MONOMER
b0465,G6255-MONOMER
b2550,G7344-MONOMER
b1488,G6782-MONOMER
b2103,HMP-P-KIN-MONOMER
b1012,G6523-MONOMER
b3734,ATPA-MONOMER
b0719,EG12359-MONOMER
b1312,YCJP-MONOMER
b0774,DAPASYN-MONOMER
b0046,EG11568-MONOMER
b0375,G6226-MONOMER
b1133,EG11344-MONOMER
b2248,G7161-MONOMER
b4079,FORMATEDEHYDROGH-MONOMER
b1142,G6586-MONOMER
b1672,G6900-MONOMER
b0830,YLIB-MONOMER
b0023,EG10919-MONOMER
b3552,EG12271-MONOMER
b4251,G7882-MONOMER
b0797,EG11235-MONOMER
b2498,URACIL-PRIBOSYLTRANS-MONOMER
b1200,G6627-MONOMER
b3851,RRSA-RRNA
b4616,RNA0-281
b2223,EG11671-MONOMER
b2028,UGD-MONOMER
b3446,G7763-MONOMER
b3617,AKBLIG-MONOMER
b4082,EG11954-MONOMER
b3417,MALDEXPHOSPHORYL-MONOMER
b0735,EG12395-MONOMER
b3623,EG11423-MONOMER
b3091,ALTRODEHYDRAT-MONOMER
b3642,OROPRIBTRANS-MONOMER
b1753,G6948-MONOMER
b3364,YHFC-MONOMER
b3733,ATPG-MONOMER
b0600,G6329-MONOMER
b4088,YJCX-MONOMER
b1117,YCFV-MONOMER
b3310,EG10875-MONOMER
b4175,EG10435-MONOMER
b3821,MONOMER0-341
b2461,G7291-MONOMER
b2151,PD00261
b3471,EG12217-MONOMER
b1906,G7036-MONOMER
b1024,G6531-MONOMER
b1369,G6692-MONOMER
b4266,GLUCONREDUCT-MONOMER
b2577,EG11785-MONOMER
b1331,MONOMER0-4236
b1891,MONOMER0-2488
b4408,CSRB-RNA
b2938,ARGDECARBOXBIO-MONOMER
b2074,MDTA
b3365,NIRB-MONOMER
b2614,EG10416-MONOMER
b0391,EG12159-MONOMER
b3621,EG11189-MONOMER
b4435,IS102-RNA
b4423,MONOMER0-1603
b4237,RNTRACTIV-MONOMER
b2043,G7094-MONOMER
b4289,FECC-MONOMER
b4274,G7896-MONOMER
b0093,EG10342-MONOMER
b3024,G7574-MONOMER
b0565,EG10673-MONOMER
b3147,G7642-MONOMER
b0327,G6192-MONOMER
b3189,UDPNACETYLGLUCOSAMENOLPYRTRANS-MONOMER
b3383,G7735-MONOMER
b1266,G6634-MONOMER
b0879,MACB
b0284,G6155-MONOMER
b2005,G7085-MONOMER
b2984,G7550-MONOMER
b3064,EG11171-MONOMER
b1621,MALX-MONOMER
b2640,G7375-MONOMER
b3460,LIVJ-MONOMER
b4473,EG11604-MONOMER
b1164,G6604-MONOMER
b1223,NARK-MONOMER
b2295,G7189-MONOMER
b1763,EG11014-MONOMER
b2787,GLUCARDEHYDRA-MONOMER
b1665,valV-tRNA
b1984,RNA0-304
b0710,G6379-MONOMER
b2626,G7361-MONOMER
b0350,MHPDHYDROL-MONOMER
b3599,MTLA-MONOMER
b0822,G6425-MONOMER
b2207,NAPD-MONOMER
b0613,G6339-MONOMER
b1815,G6996-MONOMER
b3862,EG11833-MONOMER
b2221,ATOD-MONOMER
b0069,EG12094-MONOMER
b0887,CYDD-MONOMER
b0884,EG10504-MONOMER
b3048,G7587-MONOMER
b2037,RFBX-MONOMER
b4331,G7928-MONOMER
b2232,DHHB-METHYLTRANSFER-MONOMER
b0268,G6140-MONOMER
b2803,FUCULOKIN-MONOMER
b1513,YDEX-MONOMER
b1086,EG11118-MONOMER
b0455,FFS-RNA
b4586,MONOMER0-2812
b1129,PHOQ-MONOMER
b0740,EG11008-MONOMER
b2128,YEHW-MONOMER
b1985,YEEO-MONOMER
b2242,ANGLYC3PDEHYDROGSUBUNITB-MONOMER
b1145,G6589-MONOMER
b0018,EG10373-MONOMER
b3888,EG11853-MONOMER
b4683,MONOMER0-2877
b3834,EG11474-MONOMER
b0953,EG50004-MONOMER
b0104,GMP-REDUCT-MONOMER
b2643,G7378-MONOMER
b3198,G7663-MONOMER
b3081,DIENOYLCOAREDUCT-MONOMER
b1057,G6554-MONOMER
b4097,PHNK-MONOMER
b2532,G7327-MONOMER
b3968,RRSB-RRNA
b1418,CYTOCHROME-B561-MONOMER
b3716,EG11726-MONOMER
b3011,G7564-MONOMER
b3129,EG10955-MONOMER
b0896,DMSC-MONOMER
b3874,YIHN-MONOMER
b3722,BGLF-MONOMER
b0514,GLY3KIN-MONOMER
b0197,METQ-MONOMER
b2442,G7272-MONOMER
b2538,PHENYLPRODIOXY-MONOMER
b3788,DTDPGLUCDEHYDRAT2-MONOMER
b1867,EG12378-MONOMER
b2004,G7084-MONOMER
b3433,ASP-SEMIALDEHYDE-DEHYDROGENASE-MONOMER
b2434,G7269-MONOMER
b3616,THREODEHYD-MONOMER
b1094,EG50003-MONOMER
b0138,EG12327-MONOMER
b4437,RYED-RNA
b0574,G6322-MONOMER
b3474,EG12220-MONOMER
b4255,G7885-MONOMER
b3098,G7612-MONOMER
b1385,PHENDEHYD-MONOMER
b4017,EG11208-MONOMER
b3576,EG12280-MONOMER
b3032,G7579-MONOMER
b0610,G6337-MONOMER
b0135,EG11678-MONOMER
b3401,G7744-MONOMER
b4185,G7850-MONOMER
b0177,G6093-MONOMER
b3269,YHDX-MONOMER
b2474,G7297-MONOMER
b1494,EG11744-MONOMER
b3475,EG12221-MONOMER
b3915,YIIP-MONOMER
b1004,PD01343
b1821,G6999-MONOMER
b1018,G6527-MONOMER
b0249,G6124-MONOMER
b1477,G6774-MONOMER
b1099,EG11500-MONOMER
b3784,GLCNACPTRANS-MONOMER
b1158,EG10737-MONOMER
b0279,G6150-MONOMER
b0156,EG12332-MONOMER
b2941,G7523-MONOMER
b1731,G6936-MONOMER
b4290,FECB-MONOMER
b2821,EG10786-MONOMER
b3414,G7748-MONOMER
b3479,NIKD-MONOMER
b1148,G6592-MONOMER
b3115,PROPKIN-MONOMER
b3826,EG11470-MONOMER
b2985,G7551-MONOMER
b2122,EG12003-MONOMER
b0129,AGAX-MONOMER
b2584,G7350-MONOMER
b0993,TORS-MONOMER
b1632,G6876-MONOMER
b0652,GLTL-MONOMER
b0276,G6147-MONOMER
b3231,EG10874-MONOMER
b3258,PANF-MONOMER
b0479,FSR-MONOMER
b0643,EG12851-MONOMER
b1987,G7071-MONOMER
b3594,EG11187-MONOMER
b1328,G6664-MONOMER
b3635,EG10329-MONOMER
b2998,G7555-MONOMER
b4312,EG10309-MONOMER
b4559,MONOMER0-2694
b3402,G7745-MONOMER
b0054,EG11569-MONOMER
b3168,EG10505-MONOMER
b4702,MONOMER0-4201
b1900,ARAG-MONOMER
b0794,YBHF-MONOMER
b1413,G6732-MONOMER
b3377,G7729-MONOMER
b0256,G6131-MONOMER
b1259,EG11127-MONOMER
b2462,G7292-MONOMER
b1309,G6647-MONOMER
b0995,TORR-MONOMER
b4515,MONOMER0-2663
b4520,MONOMER0-2141
b0983,G6504-MONOMER
b1939,FLIG-FLAGELLAR-SWITCH-PROTEIN
b0560,EG11635-MONOMER
b3242,G7687-MONOMER
b3298,EG10912-MONOMER
b0294,G6165-MONOMER
b4127,G7829-MONOMER
b0349,MHPCHYDROL-MONOMER
b2406,XAPB-MONOMER
b3027,G7577-MONOMER
b2937,AGMATIN-MONOMER
b3009,EG11824-MONOMER
b1465,NARV-MONOMER
b4539,MONOMER0-1041
b0872,G6456-MONOMER
b1095,3-OXOACYL-ACP-SYNTHII-MONOMER
b0562,G6316-MONOMER
b2982,MONOMER0-4239
b1033,G6539-MONOMER
b0452,THIOESTERII-MONOMER
b0804,G6413-MONOMER
b2381,G7244-MONOMER
b4026,EG11923-MONOMER
b0194,PROS-MONOMER
b1366,G6689-MONOMER
b2943,GALP-MONOMER
b1042,EG11489-MONOMER
b0337,CYTDEAM-MONOMER
b0184,EG10238-MONOMER
b3684,EG11711-MONOMER
b2868,G7487-MONOMER
b2088,MONOMER0-4245
b3209,EG11383-MONOMER
b1373,G6696-MONOMER
b2602,EG12446-MONOMER
b0592,FEPB-MONOMER
b2878,G7497-MONOMER
b4565,MONOMER0-2121
b1887,CHEW-MONOMER
b0677,NAG6PDEACET-MONOMER
b0929,EG10671-MONOMER
b2508,IMP-DEHYDROG-MONOMER
b3859,EG11831-MONOMER
b4365,G7947-MONOMER
b3200,YHBN-MONOMER
b0974,HYAC-MONOMER
b1902,G7033-MONOMER
b2695,serV-tRNA
b0362,G6214-MONOMER
b2581,EG11786-MONOMER
b0732,EG13236-MONOMER
b0448,MDLA-MONOMER
b0897,EG11241-MONOMER
b2338,G7209-MONOMER
b1539,EG12345-MONOMER
b3794,UDPMANACATRANS-MONOMER
b4594,MONOMER0-2819
b0231,G6115-MONOMER
b4340,G7936-MONOMER
b2664,EG12386-MONOMER
b3689,EG11713-MONOMER
b2429,MONOMER0-5
b3610,GRXC-MONOMER
b2301,G7193-MONOMER
b3380,G7732-MONOMER
b2475,G7298-MONOMER
b0599,EG12692-MONOMER
b2680,YGAY-MONOMER
b1295,G6642-MONOMER
b1644,G6884-MONOMER
b3338,EG11237-MONOMER
b2529,G7324-MONOMER
b1441,YDCT-MONOMER
b3060,EG12694-MONOMER
b1726,G6931-MONOMER
b0143,EG10690-MONOMER
b3138,AGAB-MONOMER
b4066,EG11941-MONOMER
b2638,G7373-MONOMER
b4363,EG11215-MONOMER
b2874,G7493-MONOMER
b1112,G6570-MONOMER
b2055,G7100-MONOMER
b2575,EG11538-MONOMER
b1771,G6958-MONOMER
b2847,G7467-MONOMER
b3612,PGMI-MONOMER
b4086,YJCV-MONOMER
b2750,ADENYLYLSULFKIN-MONOMER
b1748,SUCCORNTRANSAM-MONOMER
b4033,MALF-MONOMER
b4513,MONOMER0-12
b1639,EG11488-MONOMER
b1013,PD01352
b3512,EG11544-MONOMER
b1153,G6597-MONOMER
b2810,G7454-MONOMER
b1224,NARG-MONOMER
b0890,G6464-MONOMER
b3584,EG12288-MONOMER
b1305,EG10777-MONOMER
b1227,NARI-MONOMER
b2311,UBIX-MONOMER
b0299,G7126-MONOMER
b1645,G6885-MONOMER
b1185,DSBBPROT-MONOMER
b0524,EG12666-MONOMER
b0987,G6508-MONOMER
b2667,G7397-MONOMER
b0008,TRANSALDOLB-MONOMER
b0956,EG12855-MONOMER
b4313,EG10312-MONOMER
b4058,EG11061-MONOMER
b4409,MONOMER0-1561
b2497,URAA-MONOMER
b2491,G7308-MONOMER
b1827,G7003-MONOMER
b2218,RCSC-MONOMER
b1491,G6785-MONOMER
b0065,EG11571-MONOMER
b1106,THIKIN-MONOMER
b0145,EG10230-MONOMER
b1233,EG12119-MONOMER
b0803,EG12421-MONOMER
b3208,G7668-MONOMER
b2393,NUPC-MONOMER
b3579,EG12283-MONOMER
b2172,EG12036-MONOMER
b2398,EG11431-MONOMER
b3410,EG12933-MONOMER
b3490,EG12227-MONOMER
b4592,MONOMER0-2817
b4049,EG11932-MONOMER
b4268,GLUCONOKINI-MONOMER
b1489,G6783-MONOMER
b2138,EG12020-MONOMER
b2962,G7532-MONOMER
b2892,EG10830-MONOMER
b0545,G6301-MONOMER
b0621,DCUC-MONOMER
b3425,EG10395-MONOMER
b2324,G7199-MONOMER
b1905,EG10921-MONOMER
b0355,G6208-MONOMER
b2929,EG11162-MONOMER
b1692,EG11234-MONOMER
b4382,DEOA-MONOMER
b1725,G6930-MONOMER
b1823,EG12204-MONOMER
b2290,G7184-MONOMER
b3256,BIOTIN-CARBOXYL-MONOMER
b2033,EG11984-MONOMER
b2631,G7366-MONOMER
b2002,G7082-MONOMER
b2333,G7204-MONOMER
b2354,G7223-MONOMER
b1558,EG12205-MONOMER
b2011,EG10926-MONOMER
b1308,EG10780-MONOMER
b4120,MELB-MONOMER
b0937,MONOMER0-146
b1349,EG11899-MONOMER
b1701,EG12357-MONOMER
b1058,G6555-MONOMER
b3538,EG12265-MONOMER
b1521,ALTRO-OXIDOREDUCT-MONOMER
b0767,6PGLUCONOLACT-MONOMER
b2645,G7380-MONOMER
b0449,MDLB-MONOMER
b4036,EG10528-MONOMER
b2458,G7288-MONOMER
b0203,alaV-tRNA
b0373,MONOMER0-4242
b4263,G7890-MONOMER
b3997,UROGENDECARBOX-MONOMER
b4035,MALK-MONOMER
b1064,GRXB-MONOMER
b0175,CDPDIGLYSYN-MONOMER
b1572,EG11301-MONOMER
b1736,CELC-MONOMER
b4147,EG12099-MONOMER
b0180,FABZ-MONOMER
b0202,ileV-tRNA
b0679,NAGE-MONOMER
b3289,EG12163-MONOMER
b2511,G7319-MONOMER
b2380,G7243-MONOMER
b4205,G7863-MONOMER
b0509,G6278-MONOMER
b2219,ATOS-MONOMER
b2319,EG11059-MONOMER
b2024,PRIBFAICARPISOM-MONOMER
b0374,G6225-MONOMER
b0234,G6118-MONOMER
b0032,CARBPSYN-SMALL
b1683,G6909-MONOMER
b2785,EG11247-MONOMER
b1104,G6564-MONOMER
b3001,G7558-MONOMER
b1743,G6939-MONOMER
b3967,GLUTRACE-MONOMER
b2174,G7146-MONOMER
b0481,EG12454-MONOMER
b3205,EG12146-MONOMER
b2351,G7220-MONOMER
b2749,EG12707-MONOMER
b0823,G6426-MONOMER
b0186,LDC2-MONOMER
b3227,YHCL-MONOMER
b2888,YGFU-MONOMER
b1044,G6549-MONOMER
b4203,EG10870-MONOMER
b0251,G6126-MONOMER
b2995,EG11800-MONOMER
b0776,7KAPSYN-MONOMER
b0751,PNUC-MONOMER
b2012,EG11894-MONOMER
b4208,CYCA-MONOMER
b4202,EG10917-MONOMER
b3335,EG11359-MONOMER
b1206,YCHM-MONOMER
b3116,TDCC-MONOMER
b1090,EG11437-MONOMER
b2367,EMRY-MONOMER
b0083,EG11086-MONOMER
b3250,EG10609-MONOMER
b4173,EG10437-MONOMER
b2756,G7426-MONOMER
b4134,pheU-tRNA
b2689,G7407-MONOMER
b2280,NUOJ-MONOMER
b4671,MONOMER0-2881
b1511,G6798-MONOMER
b0106,EG11798-MONOMER
b2909,EG11323-MONOMER
b2745,G7422-MONOMER
b0747,RNA0-301
b1732,HYDROPEROXIDII-MONOMER
b0020,PD00474
b1969,G7057-MONOMER
b3432,GLYCOGEN-BRANCH-MONOMER
b3522,EG12248-MONOMER
b4676,MONOMER0-2876
b3713,EG11723-MONOMER
b0059,EG11083-MONOMER
b1023,G6530-MONOMER
b4150,EG10040-MONOMER
b3165,EG10914-MONOMER
b2075,B2075-MONOMER
b2178,YEJB-MONOMER
b2344,EG10280-MONOMER
b1505,G6795-MONOMER
b2748,G7424-MONOMER
b0146,EG10949-MONOMER
b1516,YNEA-MONOMER
b2993,EG11802-MONOMER
b0602,G6331-MONOMER
b0166,MONOMER0-2001
b2086,G7123-MONOMER
b3346,G7715-MONOMER
b2222,ATOA-MONOMER
b0261,MMUM-MONOMER
b0591,YBDA-MONOMER
b0831,YLIC-MONOMER
b2424,CYST-MONOMER
b3482,EG10847-MONOMER
b1695,G6918-MONOMER
b0035,CAIE-MONOMER
b0253,G6128-MONOMER
b2352,G7221-MONOMER
b3219,G7673-MONOMER
b4159,G7840-MONOMER
b0125,HYPOXANPRIBOSYLTRAN-MONOMER
b4472,G7690-MONOMER
b3567,XYLG-MONOMER
b3478,NIKC-MONOMER
b1593,G6851-MONOMER
b0213,G6100-MONOMER
b2414,ACSERLYA-MONOMER
b2480,EG10108-MONOMER
b0631,EG11592-MONOMER
b4439,MICF-RNA
b4551,MONOMER0-2688
b2708,EG10973-MONOMER
b2320,ERYTHRON4PDEHYDROG-MONOMER
b0462,ACRB-MONOMER
b4566,MONOMER0-2695
b1435,G6746-MONOMER
b2933,CMTA-MONOMER
b2385,G7248-MONOMER
b1440,YDCS-MONOMER
b1010,G6521-MONOMER
b4074,EG11948-MONOMER
b2440,EUTC-MONOMER
b3431,EG10381-MONOMER
b2176,G7148-MONOMER
b3977,tyrU-tRNA
b1542,G6816-MONOMER
b4024,ASPKINIII-MONOMER
b1314,G6652-MONOMER
b3935,EG10763-MONOMER
b3575,EG12279-MONOMER
b2112,EG11991-MONOMER
b4388,PSERPHOSPHA-MONOMER
b4107,EG10712-MONOMER
b0615,CITTRANS-MONOMER
b3021,G7571-MONOMER
b3495,EG11390-MONOMER
b4191,G7854-MONOMER
b1943,G379-MONOMER
b3468,EG12214-MONOMER
b1257,EG11125-MONOMER
b1472,G6773-MONOMER
b0746,RNA0-300
b0718,G6387-MONOMER
b2986,G7552-MONOMER
b1907,TYRP-MONOMER
b2288,NUOA-MONOMER
b3248,EG11298-MONOMER
b1336,ABGT-MONOMER
b3488,EG12225-MONOMER
b0624,EG12209-MONOMER
b2987,PITB-MONOMER
b0220,G6104-MONOMER
b1184,EG11056-MONOMER
b0304,G6174-MONOMER
b0181,UDPNACETYLGLUCOSAMACYLTRANS-MONOMER
b2702,G8210-MONOMER
b0056,EG12610-MONOMER
b1496,YDDA-MONOMER
b3042,G7582-MONOMER
b4080,EG11952-MONOMER
b2827,THYMIDYLATESYN-MONOMER
b0616,CITRYLY-MONOMER
b3284,EG11605-MONOMER
b0811,GLNH-MONOMER
b0240,EG11092-MONOMER
b2072,G7111-MONOMER
b4083,EG11955-MONOMER
b1935,G7043-MONOMER
b1708,EG11133-MONOMER
b4136,DSBD-MONOMER
b2492,FOCB-MONOMER
b2237,EG11422-MONOMER
b1356,G6680-MONOMER
b0260,B0260-MONOMER
b3904,RHAMNULOKIN-MONOMER
b0055,EG11570-MONOMER
b0376,EG12867-MONOMER
b1749,EG11073-MONOMER
b3730,NAG1P-URIDYLTRANS-MONOMER
b1560,G6831-MONOMER
b2574,L-ASPARTATE-OXID-MONOMER
b2233,EG12850-MONOMER
b4598,MONOMER0-761
b3503,EG12237-MONOMER
b4277,G7899-MONOMER
b2446,G7276-MONOMER
b0589,FEPG-MONOMER
b0617,ACPSUB-MONOMER
b3125,TSA-REDUCT-MONOMER
b1780,G6966-MONOMER
b1963,G7051-MONOMER
b4478,GALACTONATE-DEHYDRATASE-MONOMER
b4354,G7942-MONOMER
b4459,SRAL-RNA
b3933,EG11529-MONOMER
b2330,EG12449-MONOMER
b2792,G7450-MONOMER
b1678,G6904-MONOMER
b0045,YAAU-MONOMER
b2895,FLAVODOXIN2-MONOMER
b3465,EG10343-MONOMER
b3132,G7631-MONOMER
b3272,RRFF-RRNA
b4116,EG11966-MONOMER
b2321,EG10229-MONOMER
b3706,EG10997-MONOMER
b1311,YCJO-MONOMER
b1812,PABASYN-COMPI-MONOMER
b3183,G7656-MONOMER
b1573,EG11302-MONOMER
b4070,CYTOCHROMEC552-MONOMER
b1583,G6841-MONOMER
b0526,CYSS-MONOMER
b3632,EG11341-MONOMER
b1050,EG12689-MONOMER
b3725,PSTB-MONOMER
b2291,G7185-MONOMER
b1434,G6745-MONOMER
b0303,G6173-MONOMER
b2296,ACETATEKINA-MONOMER
b3352,YHES-MONOMER
b0911,EG10900-MONOMER
b2360,G7229-MONOMER
b2400,GLURS-MONOMER
b0502,G6273-MONOMER
b0515,G6284-MONOMER
b0680,GLNS-MONOMER
b0684,FLAVODOXIN1-MONOMER
b0781,EG11595-MONOMER
b2331,G7202-MONOMER
b3702,PD03831
b3477,NIKB-MONOMER
b3783,EG10845-MONOMER
b0271,G6143-MONOMER
b4021,EG11920-MONOMER
b0749,RNA0-303
b0651,G6358-MONOMER
b3962,UDHA-MONOMER
b3836,TATA
b4589,MONOMER0-2814
b3869,PROTEIN-NRII
b4001,EG11917-MONOMER
b2742,EG12111-MONOMER
b0496,YBBP-MONOMER
b2691,argQ-tRNA
b1798,G6984-MONOMER
b2753,EG10488-MONOMER
b3843,EG11396-MONOMER
b4108,EG10711-MONOMER
b1533,EG11639-MONOMER
b0750,QUINOLINATE-SYNTHA-MONOMER
b3223,NANE-MONOMER
b4368,leuV-tRNA
b2841,ARAE-MONOMER
b3035,EG11009-MONOMER
b3732,ATPD-MONOMER
b1188,EG11516-MONOMER
b3611,EG12295-MONOMER
b1490,G6784-MONOMER
b1822,EG12207-MONOMER
b0305,G6175-MONOMER
b3447,EG10374-MONOMER
b3774,KETOLREDUCTOISOM-MONOMER
b2991,EG11804-MONOMER
b3387,EG10204-MONOMER
b4332,G7929-MONOMER
b2903,GCVP-MONOMER
b0758,GALACTURIDYLYLTRANS-MONOMER
b3439,G7756-MONOMER
b4525,MONOMER0-2668
b4346,EG10574-MONOMER
b0266,EG12339-MONOMER
b4446,RYGC-RNA
b0880,EG11111-MONOMER
b3658,selC-tRNA
b0052,PDXA-MONOMER
b2507,GMP-SYN-MONOMER
b1101,PTSG-MONOMER
b4007,RRSE-RRNA
b1553,G6826-MONOMER
b2899,G7512-MONOMER
b3999,EG11916-MONOMER
b3450,UGPC-MONOMER
b1192,G6621-MONOMER
b0946,G6486-MONOMER
b0384,EG11401-MONOMER
b4609,RNA0-331
b2110,EG11989-MONOMER
b3590,EG10942-MONOMER
b3741,EG10375-MONOMER
b4235,EG10741-MONOMER
b0028,EG11080-MONOMER
b2488,MONOMER0-144
b0115,E2P-MONOMER
b0011,G6082-MONOMER
b2881,G7500-MONOMER
b3564,XYLULOKIN-MONOMER
b1892,EG10320-MONOMER
b0761,MONOMER0-185
b0766,EG11239-MONOMER
b0438,EG10159-MONOMER
b4338,G7934-MONOMER
b4042,DIACYLGLYKIN-MONOMER
b2099,G7131-MONOMER
b1199,MONOMER0-1261
b4355,TSR-MONOMER
b1981,SHIA-MONOMER
b1138,G6583-MONOMER
b2970,G7537-MONOMER
b0634,EG10607-MONOMER
b4020,EG11919-MONOMER
b0026,ILES-MONOMER
b1992,COBS-MONOMER
b2914,RIB5PISOMA-MONOMER
b2536,HCAT-MONOMER
b3212,GLUSYNLARGE-MONOMER
b3546,EG12267-MONOMER
b0122,EG11089-MONOMER
b2499,AIRS-MONOMER
b2215,EG10670-MONOMER
b0563,G6317-MONOMER
b0629,EG11594-MONOMER
b1653,EG11548-MONOMER
b4348,EG10460-MONOMER
b4025,PGLUCISOM
b0723,SDH-FLAVO
b0682,G6371-MONOMER
b0459,MALTACETYLTRAN-MONOMER
b2473,G7296-MONOMER
b3472,G7767-MONOMER
b3936,EG10889-MONOMER
b0699,EG11521-MONOMER
b1235,EG12121-MONOMER
b0587,EG10297-MONOMER
b2114,METG-MONOMER
b3973,BIOTINLIG-MONOMER
b0836,G6436-MONOMER
b2438,G7270-MONOMER
b4262,G7889-MONOMER
b1323,PD00413
b3150,G7644-MONOMER
b1922,EG11355-MONOMER
b0578,DIHYDROPTERIREDUCT-MONOMER
b0128,YADH-MONOMER
b0178,EG10455-MONOMER
b0755,GPMA-MONOMER
b2106,G7138-MONOMER
b0855,POTG-MONOMER
b3394,G7738-MONOMER
b2582,RED-THIOREDOXIN2-MONOMER
b1785,G6971-MONOMER
b3842,EG10839-MONOMER
b0007,YAAJ-MONOMER
b2548,G7342-MONOMER
b2882,YGFO-MONOMER
b0195,EG11503-MONOMER
b3772,THREDEHYDSYN-MONOMER
b2292,G7186-MONOMER
b0407,EG11096-MONOMER
b3996,EG11702-MONOMER
b3601,PD00369
b1848,EG11808-MONOMER
b0802,EG12422-MONOMER
b2992,EG11803-MONOMER
b0435,EG10125-MONOMER
b1130,PHOP-MONOMER
b2518,NUCLEOSIDE-DIP-KIN-MONOMER
b1998,G7078-MONOMER
b0970,EG11113-MONOMER
b2688,GLUTCYSLIG-MONOMER
b0183,EG10861-MONOMER
b1955,G7048-MONOMER
b1530,PD00364
b3638,EG11312-MONOMER
b2188,EG12049-MONOMER
b1344,G6675-MONOMER
b3491,MONOMER0-2489
b2649,G7384-MONOMER
b2277,NUOM-MONOMER
b3917,SBP-MONOMER
b3606,EG11888-MONOMER
b2146,G7145-MONOMER
b2171,EG12035-MONOMER
b1962,EG12710-MONOMER
b1283,EG10679-MONOMER
b3800,EG10090-MONOMER
b0068,SFUA-MONOMER
b4223,EG11213-MONOMER
b4225,EG12096-MONOMER
b3290,TRKA-MONOMER
b3023,G7573-MONOMER
b4168,EG11757-MONOMER
b2489,MONOMER0-151
b3537,EG12264-MONOMER
b1559,G6830-MONOMER
b0668,glnW-tRNA
b3557,G7776-MONOMER
b4096,PHNL-MONOMER
b2396,alaX-tRNA
b0866,G6451-MONOMER
b2604,EG12880-MONOMER
b4613,MONOMER0-1941
b3240,G7685-MONOMER
b3940,ASPKINIIHOMOSERDEHYDROGII-MONOMER
b4413,RNA0-141
b1226,NARJ-MONOMER
b3691,YIDT-MONOMER
b0567,EG12448-MONOMER
b2979,G7545-MONOMER
b4031,XYLE-MONOMER
b2800,FUCPALDOL-MONOMER
b1333,EG11246-MONOMER
b4063,PD04132
b2915,G7515-MONOMER
b3709,TNAB-MONOMER
b3947,EG11906-MONOMER
b3302,EG10888-MONOMER
b3893,FDOH-MONOMER
b1484,YDDP-MONOMER
b1958,EG12709-MONOMER
b1162,G6602-MONOMER
b3925,EG11517-MONOMER
b3030,EG10687-MONOMER
b4144,G7834-MONOMER
b0397,EG10927-MONOMER
b3232,G7680-MONOMER
b0655,G6359-MONOMER
b0914,EG10613-MONOMER
b2196,EG12054-MONOMER
b1863,EG10925-MONOMER
b4637,MONOMER0-2801
b0298,G6534-MONOMER
b0227,G6111-MONOMER
b2032,EG11985-MONOMER
b2778,G7444-MONOMER
b0875,AQPZ-MONOMER
b0693,ORNDECARBOXDEG-MONOMER
b0729,SUCCCOASYN-ALPHA
b1149,G6593-MONOMER
b1414,EG12110-MONOMER
b2430,G7265-MONOMER
b0365,TAUA-MONOMER
b1080,FLGI-FLAGELLAR-P-RING
b0986,G6507-MONOMER
b1265,EG11274-MONOMER
b0672,leuW-tRNA
b2235,NRDB-MONOMER
b2241,ANGLYC3PDEHYDROGSUBUNITA-MONOMER
b3140,AGAD-MONOMER
b0042,EG11563-MONOMER
b0763,MODA-MONOMER
b0741,EG10684-MONOMER
b1729,G6934-MONOMER
b3972,UDPNACETYLMURAMATEDEHYDROG-MONOMER
b3633,KDOTRANS-MONOMER
b2101,G7133-MONOMER
b0447,G6247-MONOMER
b0082,EG11085-MONOMER
b3342,EG10911-MONOMER
b0796,EG12406-MONOMER
b0824,G6427-MONOMER
b4411,MONOMER0-1563
b2546,YPHD-MONOMER
b3097,G7611-MONOMER
b0777,EG10119-MONOMER
b2490,G7307-MONOMER
b3890,EG11855-MONOMER
b1580,G6838-MONOMER
b3970,RRLB-RRNA
b4615,MONOMER0-2827
b4704,RNA0-351
b0311,CHD-MONOMER
b0282,G6153-MONOMER
b3844,FMNREDUCT-MONOMER
b3186,EG50001-MONOMER
b2790,G7448-MONOMER
b2907,OCTAPRENYL-METHOXYPHENOL-OH-MONOMER
b3148,G7643-MONOMER
b1631,G6875-MONOMER
b2697,ALAS-MONOMER
b1697,G6920-MONOMER
b4330,G7927-MONOMER
b1463,G6770-MONOMER
b2989,G7553-MONOMER
b1078,FLGG-FLAGELLAR-MOTOR-ROD-PROTEIN
b0429,CYOD-MONOMER
b2457,G7287-MONOMER
b2460,G7290-MONOMER
b1048,EG11885-MONOMER
b4130,YJDL-MONOMER
b0344,BETAGALACTOSID-MONOMER
b4196,G7858-MONOMER
b4278,G7900-MONOMER
b0635,EG10606-MONOMER
b2703,GUTA-MONOMER
b0410,EG11097-MONOMER
b2620,EG11782-MONOMER
b0597,EG11105-MONOMER
b4523,MONOMER0-2886
b0737,EG11010-MONOMER
b3882,EG11847-MONOMER
b2629,G7364-MONOMER
b0864,ARTP-MONOMER
b0525,EG10758-MONOMER
b3930,DMK-MONOMER
b4468,G7544-MONOMER
b3593,EG10846-MONOMER
b1885,TAP-MONOMER
b1132,EG11345-MONOMER
b2902,G7514-MONOMER
b4334,G7931-MONOMER
b1360,G6684-MONOMER
b3458,LIVK-MONOMER
b0119,EG12605-MONOMER
b3816,CORA-MONOMER
b1864,EG11137-MONOMER
b3676,EG11696-MONOMER
b1788,G6974-MONOMER
b4141,B4141-MONOMER
b0819,G6422-MONOMER
b2682,G7405-MONOMER
b2504,G7315-MONOMER
b2420,G7261-MONOMER
b1448,G6759-MONOMER
b1432,G6743-MONOMER
b0539,G6295-MONOMER
b2040,DTDPDEHYRHAMREDUCT-MONOMER
b2282,NUOH-MONOMER
b3668,UHPB-MONOMER
b3978,glyT-tRNA
b0224,G6108-MONOMER
b2111,EG11990-MONOMER
b2875,G7494-MONOMER
b0865,G6450-MONOMER
b1059,SARCOX-MONOMER
b0150,EG10302-MONOMER
b2621,SSRA-RNA
b0645,G6352-MONOMER
b0038,CARNDEHYDRA-MONOMER
b3748,EG10817-MONOMER
b2994,HYBC-MONOMER
b2036,GALPMUT-MONOMER
b3902,RHAMNULPALDOL-MONOMER
b0665,glnV-tRNA
b4314,EG10308-MONOMER
b1275,PD00232
b3760,aspT-tRNA
b2269,G7176-MONOMER
b4349,EG10458-MONOMER
b3974,PANTOTHENATE-KIN-MONOMER
b3073,G7596-MONOMER
b4172,EG10438-MONOMER
b1452,G6763-MONOMER
b2551,GLYOHMETRANS-MONOMER
b2510,G7318-MONOMER
b0010,EG11512-MONOMER
b2997,MONOMER0-145
b1499,G6789-MONOMER
b3416,AMYLOMALT-MONOMER
b0622,EG12180-MONOMER
b2920,G7517-MONOMER
b0957,EG10669-MONOMER
b0113,EG11088-MONOMER
b2408,G7256-MONOMER
b2082,G7119-MONOMER
b2627,G7362-MONOMER
b1151,G6595-MONOMER
b3019,EG10686-MONOMER
b2386,MONOMER0-6
b0853,G6447-MONOMER
b2124,EG12005-MONOMER
b4328,G7925-MONOMER
b2838,DIAMINOPIMDECARB-MONOMER
b2202,NAPC-MONOMER
b0005,G6081-MONOMER
b2162,EG12030-MONOMER
b2328,EG10580-MONOMER
b3412,EG10122-MONOMER
b2826,EG12081-MONOMER
b4687,MONOMER0-2860
b0191,EG12354-MONOMER
b3941,METHYLENETHFREDUCT-MONOMER
b0552,MONOMER0-4234
b3654,YICE-MONOMER
b3648,GUANYL-KIN-MONOMER
b2281,NUOI-MONOMER
b1608,RSTA-MONOMER
b2464,TRANSALDOLA-MONOMER
b0066,SFUC-MONOMER
b1339,G6671-MONOMER
b0505,G6275-MONOMER
b3386,RIBULP3EPIM-MONOMER
b1587,G6845-MONOMER
b1745,SUCCARGDIHYDRO-MONOMER
b4174,EG10436-MONOMER
b3204,EG11682-MONOMER
b1128,EG11430-MONOMER
b1502,G6792-MONOMER
b1003,EG12703-MONOMER
b3525,EG12252-MONOMER
b1640,G6880-MONOMER
b3924,FLAVONADPREDUCT-MONOMER
b2819,EG10826-MONOMER
b3423,PD03576
b2077,B2077-MONOMER
b0966,G6500-MONOMER
b3742,EG11199-MONOMER
b4047,EG11930-MONOMER
b2954,G7530-MONOMER
b1592,YNFJ-MONOMER
b0067,SFUB-MONOMER
b1098,DTMPKI-MONOMER
b2456,G7286-MONOMER
b1430,EG11884-MONOMER
b2485,MONOMER0-142
b1744,SUCCGLUDESUCC-MONOMER
b0212,GLYOXII-MONOMER
b3619,EG10838-MONOMER
b2091,GALACTITOLPDEHYD-MONOMER
b0702,EG11522-MONOMER
b3958,N-ACETYLGLUTPREDUCT-MONOMER
b0353,MHPT-MONOMER
b4567,MONOMER0-2696
b2557,FGAMSYN-MONOMER
b2587,KGTP-MONOMER
b3897,EG11861-MONOMER
b2908,EG10697-MONOMER
b0773,EG11238-MONOMER
b1693,AROD-MONOMER
b3295,EG10893-MONOMER
b3758,RRLC-RRNA
b1081,G366-MONOMER
b2195,EG12053-MONOMER
b4673,MONOMER0-2872
b1734,EG10144-MONOMER
b3875,G7814-MONOMER
b1109,NADH-DHII-MONOMER
b2527,EG12131-MONOMER
b0237,EG10695-MONOMER
b3666,UHPT-MONOMER
b3317,EG10865-MONOMER
b1531,PD00365
b0893,SERS-MONOMER
b3055,EG12434-MONOMER
b1673,G6901-MONOMER
b1658,PD00219
b0714,G6383-MONOMER
b1011,G6522-MONOMER
b1770,G6957-MONOMER
b1595,G6853-MONOMER
b1451,G6762-MONOMER
b4304,SGCC-MONOMER
b0573,G6321-MONOMER
b2375,G7238-MONOMER
b3210,ARCB-MONOMER
b0163,EG12336-MONOMER
b3155,G7649-MONOMER
b0495,YBBA-MONOMER
b3314,EG10902-MONOMER
b3982,EG10667-MONOMER
b0101,EG12314-MONOMER
b3188,EG10656-MONOMER
b3571,ALPHA-AMYL-PERI-MONOMER
b0021,G7762-MONOMER
b2530,G7325-MONOMER
b0286,G6157-MONOMER
b2211,YOJI-MONOMER
b2140,EG12022-MONOMER
b2476,SAICARSYN-MONOMER
b3641,EG11191-MONOMER
b1282,EG11128-MONOMER
b4317,EG10311-MONOMER
b1001,EG12196-MONOMER
b2030,MONOMER0-4237
b1805,ACYLCOASYN-MONOMER
b4183,G7848-MONOMER
b0752,B0752-MONOMER
b0092,DALADALALIGB-MONOMER
b0742,EG12854-MONOMER
b0868,G6453-MONOMER
b3715,EG11725-MONOMER
b1277,GTP-CYCLOHYDRO-II-MONOMER
b1321,G6659-MONOMER
b2964,NUPG-MONOMER
b3510,EG11398-MONOMER
b2261,O-SUCCINYLBENZOATE-COA-SYN-MONOMER
b2837,PD03028
b2448,G7278-MONOMER
b4059,EG10976-MONOMER
b1909,leuZ-tRNA
b0608,G6335-MONOMER
b0133,PANTOATE-BETA-ALANINE-LIG-MONOMER
b2070,G7109-MONOMER
b1724,G6929-MONOMER
b1582,G6840-MONOMER
b0598,EG10167-MONOMER
b3164,EG10743-MONOMER
b2350,G7219-MONOMER
b2552,EG10456-MONOMER
b1374,G6697-MONOMER
b0673,metT-tRNA
b0312,BADH-MONOMER
b3965,EG11022-MONOMER
b1114,EG11619-MONOMER
b0488,G6264-MONOMER
b0400,PHOR-MONOMER
b1845,EG11004-MONOMER
b2358,G7227-MONOMER
b1139,EG10535-MONOMER
b3946,EG11905-MONOMER
b0431,CYOB-MONOMER
b1176,EG10596-MONOMER
b0359,G6211-MONOMER
b2213,PD00230
b2255,G7168-MONOMER
b3276,alaU-tRNA
b0137,EG12326-MONOMER
b4358,G7945-MONOMER
b2610,EG10300-MONOMER
b3901,EG11865-MONOMER
b0317,G6182-MONOMER
b0583,ENTD-MONOMER
b4374,EG12115-MONOMER
b0024,G6087-MONOMER
b2402,valX-tRNA
b2356,G7225-MONOMER
b3327,G7705-MONOMER
b3141,G7636-MONOMER
b2399,EG11432-MONOMER
b3832,EG11472-MONOMER
b0296,G6167-MONOMER
b3323,G7701-MONOMER
b1262,PRAI-IGPS
b2038,DTDPDEHYDRHAMEPIM-MONOMER
b4341,G7937-MONOMER
b1668,G6896-MONOMER
b2930,EG11245-MONOMER
b2786,BARA-MONOMER
b1628,G6872-MONOMER
b3121,EG11174-MONOMER
b0099,EG10626-MONOMER
b1973,G7061-MONOMER
b0924,EG10618-MONOMER
b1039,G6545-MONOMER
b1154,EG12877-MONOMER
b3360,PABASYN-COMPII-MONOMER
b0967,G6501-MONOMER
b4471,LSERINEDEAM3-MONOMER
b1914,EG11140-MONOMER
b2073,G7112-MONOMER
b2010,RPOA-MONOMER
b3306,EG10907-MONOMER
b0903,PYRUVFORMLY-MONOMER
b3705,YIDC
b4706,MONOMER0-4224
b2968,G7535-MONOMER
b3582,EG12286-MONOMER
b0715,G6384-MONOMER
b0155,YADQ-MONOMER
b2045,G7096-MONOMER
b4427,TKE8-RNA
b2254,G7167-MONOMER
b0576,PHEP-MONOMER
b3737,ATPE-MONOMER
b0170,EG11033-MONOMER
b0756,ALDOSE1EPIM-MONOMER
b1941,G377-MONOMER
b0813,EG12134-MONOMER
b4392,EG10950-MONOMER
b3863,EG10746-MONOMER
b3453,UGPB-MONOMER
b4018,PD04099
b2835,EG12455-MONOMER
b0432,CYOA-MONOMER
b3457,LIVH-MONOMER
b1868,EG12379-MONOMER
b1428,G6741-MONOMER
b1015,PUTP-MONOMER
b2715,ASCF-MONOMER
b2403,valY-tRNA
b2966,G7534-MONOMER
b4193,SGAT-MONOMER
b0689,G6374-MONOMER
b2401,valU-tRNA
b0306,G6176-MONOMER
b3938,PD04032
b3558,G7777-MONOMER
b2516,EG10015-MONOMER
b0120,SPED-MONOMER
b0753,G6394-MONOMER
b0990,G6511-MONOMER
b0793,YBHS-MONOMER
b4455,MONOMER0-1605
b0955,G6493-MONOMER
b1571,EG11300-MONOMER
b0888,THIOREDOXIN-REDUCT-NADPH-MONOMER
b1953,G7046-MONOMER
b0638,RIBAZOLEPHOSPHAT-MONOMER
b0148,EG12329-MONOMER
b0706,EG11524-MONOMER
b2540,HCAC-MONOMER
b2419,G7260-MONOMER
b3117,THREDEHYDCAT-MONOMER
b1234,EG12120-MONOMER
b3740,EG10376-MONOMER
b0161,EG10463-MONOMER
b3643,EG10863-MONOMER
b3955,EG11914-MONOMER
b0108,EG12107-MONOMER
b3312,EG10887-MONOMER
b1629,G6873-MONOMER
b2346,G7216-MONOMER
b1881,CHEZ-MONOMER
b0814,EG12117-MONOMER
b0770,B0770-MONOMER
b3215,EG11515-MONOMER
b2585,PHOSPHASERSYN-MONOMER
b3307,EG10913-MONOMER
b1684,EG11378-MONOMER
b4451,SRAI-RNA
b2603,G7354-MONOMER
b3026,EG12658-MONOMER
b2246,B2246-MONOMER
b2377,G7240-MONOMER
b4187,EG11811-MONOMER
b4550,MONOMER0-2687
b2955,G7531-MONOMER
b2437,EG12190-MONOMER
b1525,G6811-MONOMER
b3703,EG10892-MONOMER
b1948,EG11975-MONOMER
b2260,O-SUCCINYLBENZOATE-COA-LIG-MONOMER
b2179,YEJE-MONOMER
b1123,POTD-MONOMER
b0678,GLUCOSAMINE-6-P-DEAMIN-MONOMER
b2646,G7381-MONOMER
b0437,EG10158-MONOMER
b1378,G6701-MONOMER
b1636,PDXY-MONOMER
b3920,EG11874-MONOMER
b0204,RRLH-RRNA
b4505,MONOMER0-2655
b2900,G7513-MONOMER
b4151,FUM-MEMB2
b2765,G7431-MONOMER
b2519,G7322-MONOMER
b3071,G7594-MONOMER
b2544,G7338-MONOMER
b3424,EG10397-MONOMER
b4139,ASPARTASE-MONOMER
b2528,EG12132-MONOMER
b3908,SUPEROX-DISMUTMN-MONOMER
b0419,G6236-MONOMER
b1254,EG11122-MONOMER
b4548,MONOMER0-2686
b1690,B1690-MONOMER
b4303,G7915-MONOMER
b1061,G6558-MONOMER
b3655,EG11684-MONOMER
b3625,EG11425-MONOMER
b0207,MONOMER0-149
b0605,EG11384-MONOMER
b0821,G6424-MONOMER
b2135,EG12016-MONOMER
b2052,FCL-MONOMER
b2042,G7093-MONOMER
b0144,EG11362-MONOMER
b3171,metY-tRNA
b2000,G7080-MONOMER
b3678,EG11705-MONOMER
b2326,G7201-MONOMER
b2340,G7211-MONOMER
b0221,ACYLCOADEHYDROG-MONOMER
b0902,PFLACTENZ-MONOMER
b2379,G7242-MONOMER
b3406,EG11578-MONOMER
b0654,GLTJ-MONOMER
b0322,MONOMER0-2772
b2871,G7490-MONOMER
b2039,DTDPGLUCOSEPP-MONOMER
b4327,G7924-MONOMER
b1051,EG11338-MONOMER
b1937,EG11346-MONOMER
b3466,EG12212-MONOMER
b2472,MONOMER0-1981
b2316,CARBOXYL-TRANSFERASE-BETA-MONOMER
b1689,G6915-MONOMER
b2096,TAGAALDOL2-MONOMER
b1714,PHES-MONOMER
b2549,G7343-MONOMER
b1699,G6922-MONOMER
b1873,G7023-MONOMER
b0572,G6320-MONOMER
b0540,MONOMER0-4243
b4226,INORGPYROPHOSPHAT-MONOMER
b0434,EG12182-MONOMER
b3637,EG10886-MONOMER
b2912,EG11158-MONOMER
b2600,CHORISMUTPREPHENDEHYDROG-MONOMER
b1557,EG12203-MONOMER
b1063,EG11117-MONOMER
b1826,G7002-MONOMER
b2413,EG10003-MONOMER
b3255,BCCP-MONOMER
b1407,EG11310-MONOMER
b0265,G6139-MONOMER
b2018,EG11269-MONOMER
b1466,NARW-MONOMER
b2829,EG12188-MONOMER
b0176,EG12436-MONOMER
b3494,EG12231-MONOMER
b2453,G7283-MONOMER
b4039,CHORPYRLY-MONOMER
b3604,EG11962-MONOMER
b0478,YBAL-MONOMER
b0857,POTI-MONOMER
b3497,EG12233-MONOMER
b1515,YDEZ-MONOMER
b1957,G7050-MONOMER
b4061,EG11938-MONOMER
b2394,G7255-MONOMER
b3028,EG12656-MONOMER
b2811,G7455-MONOMER
b0491,G6267-MONOMER
b1376,G6699-MONOMER
b1967,G7055-MONOMER
b2855,G7475-MONOMER
b1350,EG10827-MONOMER
b2450,G7280-MONOMER
b4452,IS183-RNA
b4383,PPENTOMUT-MONOMER
b0329,G6194-MONOMER
b1415,LACTALDDEHYDROG-MONOMER
b3609,SECB
b1482,EG10680-MONOMER
b3110,YHAO-MONOMER
b4214,EG10043-MONOMER
b1986,asnU-tRNA
b0606,EG11385-MONOMER
b3441,G7758-MONOMER
b2952,G7528-MONOMER
b3895,EG11859-MONOMER
b2940,G7522-MONOMER
b1217,EG12402-MONOMER
b4590,MONOMER0-2815
b0548,G6304-MONOMER
b2764,ALPHACOMP-MONOMER
b2094,GATA-MONOMER
b2287,NUOB-MONOMER
b2918,EG11445-MONOMER
b3087,G7606-MONOMER
b0131,ASPDECARBOX-MONOMER
b3631,EG11339-MONOMER
b0861,ARTM-MONOMER
b1751,G6946-MONOMER
b4377,G7951-MONOMER
b4329,G7926-MONOMER
b2208,NAPF-MONOMER
b4068,YJCH-MONOMER
b0603,G6332-MONOMER
b0300,G6170-MONOMER
b2872,G7491-MONOMER
b3353,G7718-MONOMER
b4140,G7832-MONOMER
b0570,G6318-MONOMER
b0214,EG10860-MONOMER
b3543,DPPB-MONOMER
b0222,G6106-MONOMER
b0639,NICONUCADENYLYLTRAN-MONOMER
b1503,G6793-MONOMER
b2894,EG11071-MONOMER
b2839,PD00360
b0091,UDP-NACMUR-ALA-LIG-MONOMER
b0512,G6281-MONOMER
b2877,G7496-MONOMER
b0943,G6485-MONOMER
b2652,RNA0-305
b2831,EG10624-MONOMER
b0269,G6141-MONOMER
b0445,EG13217-MONOMER
b2543,G7337-MONOMER
b1784,G6970-MONOMER
b2285,NUOE-MONOMER
b4215,G7870-MONOMER
b0406,EG10996-MONOMER
b0096,UDPACYLGLCNACDEACETYL-MONOMER
b4321,GNTP-MONOMER
b4538,MONOMER0-2678
b0259,G7769-MONOMER
b4239,TRE6PHYDRO-MONOMER
b2495,G7312-MONOMER
b1455,G6766-MONOMER
b1782,G6968-MONOMER
b1467,NARY-MONOMER
b2441,EUTB-MONOMER
b1562,EG11130-MONOMER
b0782,MONOMER0-1501
b0724,SDH-FE-S
b2714,EG10087-MONOMER
b1332,G6668-MONOMER
b1844,G7016-MONOMER
b4691,RNA0-128
b2047,G7098-MONOMER
b4597,RNA0-328
b0342,GALACTOACETYLTRAN-MONOMER
b0692,POTE-MONOMER
b2041,DTDPGLUCDEHYDRAT-MONOMER
b3745,EG11730-MONOMER
b0187,G6095-MONOMER
b2009,EG11892-MONOMER
b1901,ARAF-MONOMER
b1983,G7068-MONOMER
b1279,G6637-MONOMER
b0895,DMSB-MONOMER
b3549,EG10986-MONOMER
b3630,EG11340-MONOMER
b0595,ENTB-MONOMER
b2166,EG11646-MONOMER
b1835,G7008-MONOMER
b0071,LEUD-MONOMER
b1236,GLUC1PURIDYLTRANS-MONOMER
b4622,MONOMER0-2830
b3354,G7719-MONOMER
b0255,G6130-MONOMER
b3203,EG11681-MONOMER
b3867,HEMN-MONOMER
b0225,G6109-MONOMER
b3556,PD03695
b2423,CYSW-MONOMER
b3413,G7747-MONOMER
b1400,G6721-MONOMER
b3647,EG11334-MONOMER
b0726,E1O-MONOMER
b2611,G7355-MONOMER
b3144,G7639-MONOMER
b0760,MODF-MONOMER
b2006,G7086-MONOMER
b1157,G6599-MONOMER
b3096,G7610-MONOMER
b4484,G7816-MONOMER
b3320,EG10866-MONOMER
b0127,YADG-MONOMER
b2554,EG11285-MONOMER
b2370,EVGS-MONOMER
b1454,G6765-MONOMER
b2060,G7105-MONOMER
b2802,FUCISOM-MONOMER
b0941,G6483-MONOMER
b1847,EG11807-MONOMER
b3934,PD04028
b4099,EG10718-MONOMER
b1131,ASL-MONOMER
b1884,CHER-MONOMER
b3743,PD00250
b3104,G7618-MONOMER
b3084,G7603-MONOMER
b4606,MONOMER0-762
b3622,EG11424-MONOMER
b0764,MODB-MONOMER
b3520,EG12246-MONOMER
b1921,EG11356-MONOMER
b4449,SRAG-RNA
b1243,OPPA-MONOMER
b1874,G7024-MONOMER
b3704,EG10862-MONOMER
b3791,RFFTRANS-MONOMER
b3829,HOMOCYSMET-MONOMER
b1861,EG10923-MONOMER
b1851,PGLUCONDEHYDRAT-MONOMER
b2980,G7546-MONOMER
b1577,EG11304-MONOMER
b0486,B0486-MONOMER
b4357,G7944-MONOMER
b1855,MYRISTOYLACYLTRAN-MONOMER
b4370,leuQ-tRNA
b3931,EG11881-MONOMER
b4222,G7876-MONOMER
b3903,RHAMNISOM-MONOMER
b3010,G7563-MONOMER
b3195,YRBF-MONOMER
b3839,EG11479-MONOMER
b2177,YEJA-MONOMER
b3662,YICM-MONOMER
b4339,G7935-MONOMER
b3922,EG11876-MONOMER
b4371,G7950-MONOMER
b0788,G6405-MONOMER
b2867,G7486-MONOMER
b2583,G7349-MONOMER
b1599,B1599-MONOMER
b0711,G6380-MONOMER
b2359,G7228-MONOMER
b2911,6S-RNA
b3959,ACETYLGLUTKIN-MONOMER
b0252,G6127-MONOMER
b2054,G7099-MONOMER
b1348,EG11900-MONOMER
b2618,G7357-MONOMER
b3220,G7674-MONOMER
b1019,EG11735-MONOMER
b3031,G7578-MONOMER
b4347,G7940-MONOMER
b3017,EG11376-MONOMER
b2500,GART-MONOMER
b0326,G6191-MONOMER
b1439,G6750-MONOMER
b0630,EG11591-MONOMER
b0513,G6282-MONOMER
b4364,G7946-MONOMER
b2017,EG12844-MONOMER
b1180,G6617-MONOMER
b1409,G6728-MONOMER
b0033,CARBPSYN-LARGE
b0584,EG10293-MONOMER
b0989,G6510-MONOMER
b1959,EG11141-MONOMER
b0906,G6469-MONOMER
b4243,G7877-MONOMER
b2961,EG10627-MONOMER
b4379,G7953-MONOMER
b4257,G7887-MONOMER
b3853,alaT-tRNA
b3463,FTSE-MONOMER
b3636,EG10891-MONOMER
b0543,EMRE-MONOMER
b4450,SRAH-RNA
b2431,G7266-MONOMER
b0151,FHUC-MONOMER
b2236,EG12360-MONOMER
b1411,G6730-MONOMER
b3885,EG11850-MONOMER
b3698,EG11196-MONOMER
b0456,EG11099-MONOMER
b0838,G6438-MONOMER
b3759,RRFC-RRNA
b0925,EG11253-MONOMER
b2129,YEHX-MONOMER
b3119,PD03292
b0167,GLND-MONOMER
b1345,G6676-MONOMER
b1951,PD02233
b0907,PSERTRANSAM-MONOMER
b2156,LYSP-MONOMER
b2953,G7529-MONOMER
b4054,TYRB-MONOMER
b4407,THIS-MONOMER
b2426,EG12133-MONOMER
b3292,EG11969-MONOMER
b0973,HYAB-MONOMER
b3391,EG12113-MONOMER
b4006,AICARTRANSIMPCYCLO-CPLX
b4106,PHNC-MONOMER
b0451,AMTB-MONOMER
b4217,G7872-MONOMER
b3966,EG10126-MONOMER
b0433,AMPG-MONOMER
b3871,EG11837-MONOMER
b0511,B0511-MONOMER
b1315,G6653-MONOMER
b0070,B0070-MONOMER
b1296,B1296-MONOMER
b3172,ARGSUCCINSYN-MONOMER
b1598,G6856-MONOMER
b2859,G7479-MONOMER
b1209,EG11293-MONOMER
b3847,EG10698-MONOMER
b0878,MACA
b1498,G6788-MONOMER
b4605,MONOMER0-2824
b2797,LSERINEDEAM2-MONOMER
b3249,EG10610-MONOMER
b1047,G6552-MONOMER
b1567,G6834-MONOMER
b4509,MONOMER0-2657
b3473,YHHS-MONOMER
b1464,EG11825-MONOMER
b3226,G7678-MONOMER
b1136,ISOCITDEH-SUBUNIT
b3396,EG10748-MONOMER
b1799,G6985-MONOMER
b3505,MONOMER0-4241
b1883,CHEB-MONOMER
b0530,G6290-MONOMER
b1917,EG12347-MONOMER
b3100,G7614-MONOMER
b2501,PPK-MONOMER
b1849,GARTRANSFORMYL2-MONOMER
b4218,G7873-MONOMER
b2503,G7314-MONOMER
b0765,MODC-MONOMER
b3518,EG12244-MONOMER
b1097,EG11494-MONOMER
b2594,EG12098-MONOMER
b4073,NRFD-MONOMER
b2890,LYSS-MONOMER
b3005,EG10272-MONOMER
b1105,G6565-MONOMER
b2109,EG11988-MONOMER
b3710,YIDY-MONOMER
b2852,G7472-MONOMER
b3322,EG11263-MONOMER
b0798,EG11579-MONOMER
b2672,B0899-MONOMER
b4112,BASS-MONOMER
b2805,PD00444
b0845,G6443-MONOMER
b0790,G6407-MONOMER
b0744,valT-tRNA
b1375,G6698-MONOMER
b2204,NAPH-MONOMER
b2294,G7188-MONOMER
b3563,EG11267-MONOMER
b2271,G7178-MONOMER
b2487,MONOMER0-150
b2026,HISTCYCLOPRATPPHOS
b1134,G6580-MONOMER
b0320,G6185-MONOMER
b1292,SAPC-MONOMER
b1622,EG10564-MONOMER
b0949,UUP-MONOMER
b1810,G6994-MONOMER
b3389,AROB-MONOMER
b2916,EG10490-MONOMER
b4197,G7859-MONOMER
b2928,EG11161-MONOMER
b2766,G7432-MONOMER
b0516,G6285-MONOMER
b1685,G6911-MONOMER
b3680,EG11707-MONOMER
b1326,G6662-MONOMER
b1828,B1828-MONOMER
b2777,G7443-MONOMER
b1538,EG10212-MONOMER
b0262,YAGC-MONOMER
b4434,IS092-RNA
b2781,EG10572-MONOMER
b3074,G7597-MONOMER
b3992,THIF-MONOMER
b1686,G6912-MONOMER
b1541,G6815-MONOMER
b0117,EG12315-MONOMER
b4095,EG10722-MONOMER
b4438,RYEE-RNA
b1674,G6902-MONOMER
b0076,PD00519
b1165,G6605-MONOMER
b0084,EG10341-MONOMER
b3059,EG11674-MONOMER
b3872,EG11838-MONOMER
b1778,EG12394-MONOMER
b2144,EG12025-MONOMER
b1638,PDXH-MONOMER
b1379,G6702-MONOMER
b0657,EG10168-MONOMER
b3358,G7721-MONOMER
b0453,G6250-MONOMER
b4420,RNA0-161
b3095,G7609-MONOMER
b2856,G7476-MONOMER
b3536,EG12263-MONOMER
b2801,FUCP-MONOMER
b0057,EG12611-MONOMER
b2093,GATB-MONOMER
b4177,ADENYLOSUCCINATE-SYN-MONOMER
b4291,EG10286-MONOMER
b3022,G7572-MONOMER
b3699,EG10424-MONOMER
b4447,C0730-RNA
b2217,RCSB-MONOMER
b0985,G6506-MONOMER
b2977,G7543-MONOMER
b2755,G7425-MONOMER
b1671,G6899-MONOMER
b4028,EG11925-MONOMER
b3929,EG11879-MONOMER
b2683,G7406-MONOMER
b1274,EG11013-MONOMER
b2044,G7095-MONOMER
b1737,CELB-MONOMER
b0848,G6446-MONOMER
b4279,YJHB-MONOMER
b2477,EG10658-MONOMER
b3589,EG12293-MONOMER
b1722,G6928-MONOMER
b3724,EG10735-MONOMER
b4457,CSRC-RNA
b4192,G7855-MONOMER
b3493,PITA-MONOMER
b1765,EG11134-MONOMER
b0580,G6325-MONOMER
b3058,H2NEOPTERINALDOL-MONOMER
b2960,EG11779-MONOMER
b4608,RNA0-330
b1020,EG11734-MONOMER
b3128,GALACTARDEHYDRA-MONOMER
b3690,EG11714-MONOMER
b1895,G7031-MONOMER
b4445,RYGB-RNA
b3603,LCTP-MONOMER
b3113,G7626-MONOMER
b1306,EG10778-MONOMER
b2014,YEEF-MONOMER
b1615,G6866-MONOMER
b0081,EG11084-MONOMER
b0219,G6103-MONOMER
b1474,FDNG-MONOMER
b3928,EG11878-MONOMER
b0404,EG11095-MONOMER
b4417,RYBB-RNA
b2058,G7103-MONOMER
b1756,YNJD-MONOMER
b4669,MONOMER0-2868
b2025,CYCLASE-MONOMER
b3918,CDPDIGLYPYPHOSPHA-MONOMER
b0885,EG11112-MONOMER
b1341,G6673-MONOMER
b1289,G6641-MONOMER
b2234,NRDA-MONOMER
b0697,KDPB-MONOMER
b1075,G360-MONOMER
b4102,EG10715-MONOMER
b1297,G6644-MONOMER
b0174,UPPSYN-MONOMER
b4336,G7933-MONOMER
b3652,EG10829-MONOMER
b1211,EG10761-MONOMER
b3660,EG11688-MONOMER
b4285,G7906-MONOMER
b4034,MALE-MONOMER
b1727,G6932-MONOMER
b3687,EG11534-MONOMER
b1111,G6569-MONOMER
b3454,LIVF-MONOMER
b4460,ARAH-MONOMER
b3764,EG11450-MONOMER
b3088,G7607-MONOMER
b2418,PDXK-MONOMER
b4199,G7861-MONOMER
b1119,G6576-MONOMER
b1230,tyrV-tRNA
b2806,EG11794-MONOMER
b1115,G6572-MONOMER
b0346,G6201-MONOMER
b2265,MENF-MONOMER
b3663,EG11690-MONOMER
b3805,OHMETHYLBILANESYN-MONOMER
b0939,G6481-MONOMER
b1335,EG10668-MONOMER
b3950,FRWB-MONOMER
b1858,ZNUC-MONOMER
b2713,EG11552-MONOMER
b0828,EG12407-MONOMER
b4532,MONOMER0-2673
b1563,EG11131-MONOMER
b0471,EG11100-MONOMER
b2022,IMIDPHOSPHADEHYDHISTIDPHOSPHA-MONOMER
b2483,MONOMER0-154
b3539,YHJV-MONOMER
b3892,FDOI-MONOMER
b2449,G7279-MONOMER
b3034,EG12633-MONOMER
b2846,G7466-MONOMER
b0371,G6222-MONOMER
b0277,G6148-MONOMER
b3664,EG11691-MONOMER
b3550,EG12270-MONOMER
b0683,PD00260
b4430,RYDB-RNA
b3998,EG11915-MONOMER
b3993,THIE-MONOMER
b1449,G6760-MONOMER
b1237,PD00288
b1775,B1775-MONOMER
b1833,G7006-MONOMER
b1712,PD00347
b1035,G6541-MONOMER
b1625,G6869-MONOMER
b1304,EG10776-MONOMER
b0503,EG11768-MONOMER
b4385,EG12342-MONOMER
b0189,G6097-MONOMER
b4213,CPDB-MONOMER
b3259,EG11497-MONOMER
b1008,G6519-MONOMER
b3878,EG11843-MONOMER
b2948,G7524-MONOMER
b2365,DSDX-MONOMER
b3135,AGAA-MONOMER
b1570,EG10226-MONOMER
b2168,1-PFK-MONOMER
b1480,EG11508-MONOMER
b2632,G7367-MONOMER
b0405,EG10812-MONOMER
b0521,EG12384-MONOMER
b1359,G6683-MONOMER
b2267,G7174-MONOMER
b1368,G6691-MONOMER
b0215,EG10243-MONOMER
b2509,EG11072-MONOMER
b4318,EG10313-MONOMER
b2139,EG12021-MONOMER
b2927,ERYTH4PDEHYDROG-MONOMER
b2336,G7207-MONOMER
b1548,EG11634-MONOMER
b0965,G6499-MONOMER
b2206,NAPA-MONOMER
b3225,ACNEULY-MONOMER
b1991,DMBPPRIBOSYLTRANS-MONOMER
b3316,EG10918-MONOMER
b3356,EG11182-MONOMER
b1016,G6525-MONOMER
b4105,PHND-MONOMER
b2447,G7277-MONOMER
b1191,YCGO-MONOMER
b3787,UDPMANNACADEHYDROG-MONOMER
b2727,EG10484-MONOMER
b1073,FLGB-FLAGELLAR-MOTOR-ROD-PROTEIN
b0218,G6102-MONOMER
b2325,G7200-MONOMER
b1803,G6989-MONOMER
b0340,CYANLY-MONOMER
b0999,EG12194-MONOMER
b0909,G6470-MONOMER
b2887,G7506-MONOMER
b1007,G6518-MONOMER
b3887,EG11852-MONOMER
b4604,MONOMER0-2823
b4481,G7800-MONOMER
b3093,EXUT-MONOMER
b0132,EG11748-MONOMER
b4444,SRAE-RNA
b2404,lysV-tRNA
b0537,EG10507-MONOMER
b1886,TAR-MONOMER
b0321,G6186-MONOMER
b2443,G7273-MONOMER
b0439,EG10542-MONOMER
b0876,G6459-MONOMER
b3976,thrU-tRNA
b0950,G6490-MONOMER
b1703,EG11132-MONOMER
b1093,3-OXOACYL-ACP-REDUCT-MONOMER
b0139,EG11972-MONOMER
b3263,G7694-MONOMER
b3596,EG11763-MONOMER
b1679,G6905-MONOMER
b1728,G6933-MONOMER
b3309,EG10884-MONOMER
b4301,G7914-MONOMER
b2493,G7310-MONOMER
b0016,G6083-MONOMER
b0945,DIHYDROOROTOX-MONOMER
b2564,PDXJ-MONOMER
b1618,G6867-MONOMER
b0705,G6377-MONOMER
b0147,EG12330-MONOMER
b4337,YJIO-MONOMER
b0905,G6468-MONOMER
b1218,EG12403-MONOMER
b2891,EG10762-MONOMER
b0211,EG10246-MONOMER
b1705,EG12391-MONOMER
b1362,G6686-MONOMER
b0270,B0270-MONOMER
b1168,G6608-MONOMER
b3919,TPI-MONOMER
b2523,EG12310-MONOMER
b1670,G6898-MONOMER
b3107,G7621-MONOMER
b4372,EG11414-MONOMER
b3850,PROTOPORGENOXI-MONOMER
b1324,G6660-MONOMER
b4212,G7869-MONOMER
b4466,G7541-MONOMER
b2812,G7456-MONOMER
b1543,B1543-MONOMER
b2323,FABB-MONOMER
b3775,EG12352-MONOMER
b3142,G7637-MONOMER
b3476,NIKA-MONOMER
b4516,MONOMER0-4228
b3944,EG11903-MONOMER
b0517,G6286-MONOMER
b0467,EG10765-MONOMER
b3411,EG11750-MONOMER
b3499,EG12234-MONOMER
b1337,G6669-MONOMER
b1395,G6716-MONOMER
b0136,EG12325-MONOMER
b1110,EG12444-MONOMER
b4399,CREC-MONOMER
b0847,G6445-MONOMER
b3085,G7604-MONOMER
b2789,B2789-MONOMER
b4281,G7902-MONOMER
b3228,EG10978-MONOMER
b1945,FLIM-FLAGELLAR-C-RING-SWITCH
b1329,G6665-MONOMER
b4406,MONOMER0-741
b4326,G7923-MONOMER
b2259,G7172-MONOMER
b1606,G6862-MONOMER
b0347,MHPHYDROXY-MONOMER
b1197,TREHALAPERI-MONOMER
b2197,CCME-MONOMER
b0369,PORPHOBILSYNTH-MONOMER
b2983,G7549-MONOMER
b1529,EG11637-MONOMER
b3176,PHOSGLUCOSAMINEMUT-MONOMER
b3268,YHDW-MONOMER
b4056,EG11935-MONOMER
b2619,G7358-MONOMER
b3886,EG11851-MONOMER
b0109,QUINOPRIBOTRANS-MONOMER
b3337,EG11181-MONOMER
b1144,G6588-MONOMER
b1872,G7022-MONOMER
b3910,EG11870-MONOMER
b4410,MONOMER0-1562
b0832,YLID-MONOMER
b4352,EG10021-MONOMER
b0367,TAUC-MONOMER
b2341,G7212-MONOMER
b0952,G6492-MONOMER
b1919,DCYSDESULF-MONOMER
b1330,MONOMER0-82
b0863,ARTI-MONOMER
b2239,GLYCPDIESTER-PERI-MONOMER
b1258,EG11126-MONOMER
b1161,G6601-MONOMER
b4323,MANNONOXIDOREDUCT-MONOMER
b3459,EG12211-MONOMER
b2201,CCMA-MONOMER
b1694,EG12432-MONOMER
b0247,G6122-MONOMER
b4403,EG12309-MONOMER
b3532,EG12259-MONOMER
b0996,EG11815-MONOMER
b4424,RNA0-163
b2310,ARGT-MONOMER
b0343,LACY-MONOMER
b1068,G6560-MONOMER
b1444,G6755-MONOMER
b1792,G6978-MONOMER
b1473,EG12713-MONOMER
b0474,ADENYL-KIN-MONOMER
b4258,VALS-MONOMER
b3827,EG11471-MONOMER
b3540,DPPF-MONOMER
b4467,MONOMER0-561
b2673,G7401-MONOMER
b2376,G7239-MONOMER
b1079,FLGH-FLAGELLAR-L-RING
b4008,gltV-tRNA
b3393,G7737-MONOMER
b0272,G6144-MONOMER
b4524,MONOMER0-2667
b3214,EG11514-MONOMER
b3485,YHHJ-MONOMER
b1740,NAD-SYNTH-MONOMER
b3426,AERGLYC3PDEHYDROG-MONOMER
b2081,G7118-MONOMER
b2988,GSP-MONOMER
b3855,RRFA-RRNA
b2616,EG10831-MONOMER
b4596,MONOMER0-2820
b2512,G7320-MONOMER
b4707,RNA0-372
b2524,EG12311-MONOMER
b1879,G370-MONOMER
b3484,EG11525-MONOMER
b1116,YCFU-MONOMER
b0916,G6471-MONOMER
b1611,FUMC-MONOMER
b2722,HYCD-MONOMER
b0801,EG11581-MONOMER
b2788,G7446-MONOMER
b0759,UDPGLUCEPIM-MONOMER
b1738,CELA-MONOMER
b1294,SAPA-MONOMER
b1000,EG12193-MONOMER
b1808,G6992-MONOMER
b2053,GDPMANDEHYDRA-MONOMER
b1421,TRG-MONOMER
b2180,YEJF-MONOMER
b3810,EG11201-MONOMER
b3876,YIHO-MONOMER
b0430,CYOC-MONOMER
b2700,G7409-MONOMER
b2407,XANTHOSINEPHOSPHORY-MONOMER
b4022,EG11921-MONOMER
b2034,EG11983-MONOMER
b4145,G7835-MONOMER
b4180,G7845-MONOMER
b0918,CPM-KDOSYNTH-MONOMER
b0694,KDPE-MONOMER
b3561,EG12274-MONOMER
b0072,LEUC-MONOMER
b1213,G6630-MONOMER
b4555,MONOMER0-2691
b2696,EG11447-MONOMER
b1027,MONOMER0-4244
