CPLX0-7797,PD00197:2
BETAGALACTOSID-CPLX,BETAGALACTOSID-MONOMER:4
CPLX0-7521,EG12319-MONOMER:4
AROD-CPLX,AROD-MONOMER:2
CPLX0-3108,CPLX0-3101:1;CPLX0-881:1;CPLX0-3102:1
AROF-CPLX,AROF-MONOMER:2
CPLX0-7452,FLAGELLAR-MOTOR-COMPLEX:1;CPLX0-7451:1;G361-MONOMER:120;EG11967-MONOMER:1;EG11545-MONOMER:1;EG10321-MONOMER:1;EG10841-MONOMER:5
MONOMER-59,EG11088-MONOMER:1;PYRUVATE:1
ACEF-LIPOATE,E2P-MONOMER
ABC-24-CPLX,POTA-MONOMER:2;POTB-MONOMER:1;POTC-MONOMER:1;POTD-MONOMER:1
CPLX0-7423,EG11254-MONOMER:2
QUINOPRIBOTRANS-CPLX,QUINOPRIBOTRANS-MONOMER:2
CPLX0-1161,EG11881-MONOMER:6
CPLX0-7704,EG10613-MONOMER:2
MONOMER0-4195,EG10374-MONOMER
OX-THIOREDOXIN-MONOMER,RED-THIOREDOXIN-MONOMER
TRG-GLUME,TRG-CPLX
TRG-CPLX,CHEA-CPLX:1;CHEW-MONOMER:2;TRG-MONOMER:2
BCCP-CPLX,BCCP-BIOTIN:2
ERYTH4PDEHYDROG-CPLX,ERYTH4PDEHYDROG-MONOMER:4
CPLX0-8058,PD01352:1;THYMINE:1
FORMHYDROG2-CPLX,HYBA-MONOMER:1;EG11800-MONOMER:1;MONOMER0-145:1;HYBC-MONOMER:1
CPLX0-7877,PGLUCISOM:2
PHOSPHO-PHOB,PHOB-MONOMER
CPLX-125,TRP:1;PC00007:1
ABC-2-CPLX,ARAG-MONOMER:2;ARAH-MONOMER:2;ARAF-MONOMER:1
GLUTATHIONE-SYN-CPLX,GLUTATHIONE-SYN-MONOMER:4
CPLX0-7660,G6106-MONOMER:4
BCCP-BIOTIN,BCCP-MONOMER
PYRUVOXID-CPLX,PYRUVOXID-MONOMER:4
CPLX0-2881,EG10542-MONOMER:4
ALAS-CPLX,ALAS-MONOMER:2
CPLX-165,MANZ-MONOMER:2;MANY-MONOMER:1;MANX-MONOMER:2
THREODEHYD-CPLX,THREODEHYD-MONOMER:4
URIDYLYL-PII,PROTEIN-PII
ABC-57-CPLX,YBHS-MONOMER:1;YBHR-MONOMER:1;YBHF-MONOMER:2
CPLX-3946,EG11072-MONOMER:1;EG11098-MONOMER:4
TYRB-DIMER,TYRB-MONOMER:2
CPLX0-3323,CCME-MONOMER:1;EG12054-MONOMER:1;EG12053-MONOMER:1;EG12052-MONOMER:1
SERS-CPLX,SERS-MONOMER:2
CPLX0-7426,OPPSYN-MONOMER:2
ISOCITHASE-CPLX,ISOCITDEH-SUBUNIT:2
CPLX0-7745,G7262-MONOMER:4
PHOSPHO-HYDG,HYDG-MONOMER
CPLX0-7535,YJDE-MONOMER:2
ANGLYC3PDEHYDROG-CPLX,ANGLYC3PDEHYDROGSUBUNITA-MONOMER:1;ANGLYC3PDEHYDROGSUBUNITB-MONOMER:1;ANGLYC3PDEHYDROGSUBUNITC-MONOMER:1
PSERTRANSAM-CPLX,PSERTRANSAM-MONOMER:2
PHOSPHO-HYDH,HYDH-MONOMER
AGMATIN-CPLX,AGMATIN-MONOMER:2
CPLX0-7630,THIOESTERI-MONOMER:4
CPLX0-7838,G7454-MONOMER:2
SORB6PDEHYDROG-CPLX,SORB6PDEHYDROG-MONOMER:4
MONOMER0-2421,G6195-MONOMER:1;CPD-622:1
ABC-63-CPLX,ZNUC-MONOMER:2;ZNUB-MONOMER:2;ZNUA-MONOMER:1
O-SUCCHOMOSERLYASE-CPLX,O-SUCCHOMOSERLYASE-MONOMER:4
H2PTEROATESYNTH-CPLX,H2PTEROATESYNTH-MONOMER:2
TRANSENOYLCOARED-CPLX,TRANSENOYLCOARED-MONOMER:2
CPLX0-341,EG10004-MONOMER:12
DIHYDROPICRED-CPLX,DIHYDROPICRED-MONOMER:4
CITRYLY-CPLX,CITRYLY-MONOMER:6
CTPSYN-CPLX,CTPSYN-MONOMER:4
TRG-GLU,TRG-CPLX
ACSERLYB-CPLX,ACSERLYB-MONOMER:2
NADH-DHI-CPLX,NUOA-MONOMER:1;NUOH-MONOMER:1;NUOJ-MONOMER:1;NUOK-MONOMER:1;NUOL-MONOMER:1;NUOM-MONOMER:1;NUON-MONOMER:1;CPLX0-3361:1;CPLX0-3362:1
A-PHOSPHOPROTEIN,|Protein|
CPLX0-243,INORGPYROPHOSPHAT-MONOMER:6
MONOMER0-161,PD00208:1;MELIBIOSE:1
HISS-CPLX,HISS-MONOMER:2
APO-ENTB,ENTB-MONOMER:2
ABC-60-CPLX,YPHD-MONOMER:2;G7342-MONOMER:1;YPHE-MONOMER:2
CPLX0-2361,EG10238-MONOMER:1;EG10243-MONOMER:1;EG11505-MONOMER:1
CPLX0-7628,EG11569-MONOMER:1;EG10855-MONOMER:1
CPLX0-7849,ENTB-CPLX
ACYLCOASYN-CPLX,ACYLCOASYN-MONOMER:2
HISTPHOSTRANS-CPLX,HISTPHOSTRANS-MONOMER:2
CPLX0-1101,EG10996-MONOMER:3
SUCCORNTRANSAM-CPLX,SUCCORNTRANSAM-MONOMER:2
CPLX0-7658,G7920-MONOMER:2
CPLX0-2161,G7233-MONOMER:1;EMRY-MONOMER:1;CPLX0-7964:1
PHOSPHO-CHEB,CHEB-MONOMER
ABC-42-CPLX,YJCW-MONOMER:2;YJCV-MONOMER:2;YJCX-MONOMER:1
GLUTAMINESYN-OLIGOMER,GLUTAMINESYN-MONOMER:12
MONOMER0-2341,N-ACETYLNEURAMINATE:1;G7678-MONOMER:1
CPLX0-1667,G7213-MONOMER:2
GLYOCARBOLIG-CPLX,GLYOCARBOLIG-MONOMER:2
MONOMER0-4206,PROTEIN-CHEA
PHOSPHO-CREB,CREB-MONOMER
PHOSPHO-TORR,TORR-CPLX
CPLX0-3,EG10764-MONOMER:2
CPLX0-7754,PHOSPHO-UHPA:2
MONOMER-53,PD00261:1;GALACTOSE:1
CPLX0-1669,EG12357-MONOMER:2
CPLX0-7921,MANX-MONOMER:2
CPLX0-7627,EG11180-MONOMER:5
AERGLYC3PDEHYDROG-CPLX,AERGLYC3PDEHYDROG-MONOMER:2
PHENDEHYD-CPLX,PHENDEHYD-MONOMER:2
7KAPSYN-CPLX,7KAPSYN-MONOMER:2
TORS-CPLX,TORS-MONOMER:2
ABC-25-CPLX,POTG-MONOMER:2;POTH-MONOMER:1;POTI-MONOMER:1;POTF-MONOMER:1
CPLX0-6,CPLX0-2541:1;CPD-3:1
NRDE-CPLX,NRDE-MONOMER:2
CPLX0-7841,ALPHACOMP-MONOMER:8
GSP-CPLX,GSP-MONOMER:2
LYXK-CPLX,LYXK-MONOMER:2
CPLX0-7715,PD00200:1;2-ACETO-LACTATE:1
PPPGPPHYDRO-CPLX,PPPGPPHYDRO-MONOMER:2
CPLX0-8014,UDP-NACMUR-ALA-LIG-MONOMER:2
CPLX0-7957,EG10943-MONOMER:2
CPLX0-7758,G6550-MONOMER:2
MALIC-NADP-CPLX,MALIC-NADP-MONOMER:6
CPLX0-1342,G6905-MONOMER:2
APHA-CPLX,APHA-MONOMER:4
CPLX0-7618,G7137-MONOMER:1;NI+2:1
SECD-SECF-YAJC-YIDC-CPLX,YIDC:1;EG11096-MONOMER:1;SECF:1;SECD:1
ENTMULTI-CPLX,ENTB-CPLX:1;ENTD-MONOMER:1;ENTF-PANT:1;ENTE-CPLX:1
PHOSACETYLTRANS-CPLX,PHOSACETYLTRANS-MONOMER:6
CPLX0-7418,EG10603-MONOMER:2
CPLX0-3107,CPLX0-3101:1;CPLX0-3102:2
KDO-8PSYNTH-CPLX,KDO-8PSYNTH-MONOMER:4
CPLX0-7739,EG12235-MONOMER:1;ANTIMONITE:1
ALD-CPLX,LACTALDDEHYDROG-MONOMER:4
CPLX0-8002,DSBC-CPLX
CPLX0-301,EG11396-MONOMER:6
6PFK-1-CPX,6PFK-1-MONOMER:4
MENF-CPLX,MENF-MONOMER:2
LYSS-CPLX,LYSS-MONOMER:2
CPLX0-7939,EG11568-MONOMER:2
CPLX0-7657,CPLX0-2861
CPLX0-3102,EG10159-MONOMER:6
BOUND-TORT,TORT-MONOMER
TORR-CPLX,TORR-MONOMER:2
CPLX0-7944,MONOMER0-341:2
ADENPRIBOSYLTRAN-CPLX,ADENPRIBOSYLTRAN-MONOMER:2
CPLX0-3955,EG10873-MONOMER:2
TSR-CPLX,CHEW-MONOMER:2;CHEA-CPLX:1;TSR-MONOMER:2
ABC-14-CPLX,HISP-MONOMER:2;HISM-MONOMER:1;HISQ-MONOMER:1;HISJ-MONOMER:1
CPLX0-7616,G6278-MONOMER:4
PHOSPHO-BAER,BAER-MONOMER
PC00027,PD00347:1;PD00348:1
NITRATREDUCTA-CPLX,NARG-MONOMER:1;NARH-MONOMER:1;NARI-MONOMER:1
ACETYL-COA-CARBOXYLMULTI-CPLX,ACETYL-COA-CARBOXYLTRANSFER-CPLX:1;BIOTIN-CARBOXYL-CPLX:1;BCCP-CPLX:1
MONOMER0-4189,EG12385-MONOMER
CPLX0-661,EG11241-MONOMER:8
FUMARATE-REDUCTASE,FUM-FLAVO:1;FUM-FE-S:1;FUM-MEMB1:1;FUM-MEMB2:1
CPLX0-2541,MONOMER0-185:2
SUPEROX-DISMUTMN-CPLX,SUPEROX-DISMUTMN-MONOMER:2
MONOMER0-164,PD00291:1;CPD-69:1
CPLX0-7520,CYANLY-CPLX:5
PHOSPHO-RCSC,RCSC-MONOMER
CPLX0-3948,EG12600-MONOMER:2
BADH-CPLX,BADH-MONOMER:4
METHGLYSYN-CPLX,METHGLYSYN-MONOMER:6
CPLX0-7975,PD04413:4
ABC-20-CPLX,NIKD-MONOMER:1;NIKE-MONOMER:1;NIKB-MONOMER:1;NIKC-MONOMER:1;NIKA-MONOMER:1
CHORISMUTPREPHENDEHYDROG-CPLX,CHORISMUTPREPHENDEHYDROG-MONOMER:2
ATPA-CPLX,ATPA-MONOMER:3
CPLX0-2621,MONOMER0-1564:2
CPLX0-7958,PHNL-MONOMER:1;EG10717-MONOMER:1;EG10716-MONOMER:1;EG10718-MONOMER:1
PHOSPHO-CPXR,CPXR-MONOMER
ABC-64-CPLX,TAUA-MONOMER:1;TAUC-MONOMER:2;TAUB-MONOMER:2
ABC-16-CPLX,MALK-MONOMER:2;MALF-MONOMER:1;MALG-MONOMER:1;MALE-MONOMER:1
MONOMER0-4276,EG12006-MONOMER
LUMAZINESYN-CPLX,LUMAZINESYN-MONOMER:60
CPLX0-7619,G7137-MONOMER:1;CO+2:1
MONOMER0-158,PD00237:1;MALTOTRIOSE:1;ATP:1
CPLX0-3956,EG10871-MONOMER:1;CPLX0-3955:2
TAR-GLUME,TAR-CPLX
CPLX0-8059,PD01896:1;CPD0-2342:1
CPLX0-230,ICITDEHASE-KIN-PHOSPHA:2
3R-3-HYDROXYOCTANOYL-ACP,EG50003-MONOMER
CPLX0-7984,G7616-MONOMER:2
ARCB-CPLX,ARCB-MONOMER:2
CPLX0-3181,MONOMER0-2001:2
NITRATREDUCTZ-CPLX,NARY-MONOMER:1;NARZ-MONOMER:1;NARV-MONOMER:1
CPLX0-7672,CPLX0-7701:2
CPLX0-7695,G6810-MONOMER:2
B2-CPLX,NRDB-MONOMER:2
MENE-CPLX,O-SUCCINYLBENZOATE-COA-LIG-MONOMER:4
F-1-CPLX,ATPC-MONOMER:1;ATPH-MONOMER:1;ATPA-CPLX:1;ATPG-MONOMER:1;ATPD-CPLX:1
E1P-CPLX,E1P-MONOMER:2
GLUTAMINA-CPLX,GLUTAMINA-MONOMER:4
PHOSPHO-EVGS,EVGS-MONOMER
PHOSPHO-UHPB,UHPB-MONOMER
CPLX0-7998,EG12146-MONOMER:3
CPLX0-3581,EG11852-MONOMER:2
ASPARTASE-CPLX,ASPARTASE-MONOMER:4
THIS-COAMP-MONOMER,THIS-MONOMER
CPLX-157,PTSG-MONOMER:2;CRR-MONOMER:1
RNAP54-CPLX,APORNAP-CPLX:1;RPON-MONOMER:1
GSAAMINOTRANS-CPLX,GSAAMINOTRANS-MONOMER:2
3-OXOACYL-ACP-SYNTHII-CPLX,3-OXOACYL-ACP-SYNTHII-MONOMER:2
PC00004,PD00257:2
CPLX0-3964,CPLX0-3953:1;CPLX0-3962:1
CPLX0-881,EG10156-MONOMER:6
FADA-CPLX,FADA-MONOMER:2
MONOMER0-2162,G7854-MONOMER:1;L-ASCORBATE-6-PHOSPHATE:1
CPLX-722,APPA-MONOMER:2
CPLX0-7697,EG11252-MONOMER:4;CPLX0-7698:1
CPLX0-3561,EG10484-MONOMER:2
ABC-4-CPLX,ARTP-MONOMER:2;ARTM-MONOMER:1;ARTQ-MONOMER:1;ARTI-MONOMER:1;ARTJ-MONOMER:1
CPLX0-7992,CPLX0-7628:1;ABC-53-CPLX:1;G7664-MONOMER:1;YHBN-MONOMER:1
R-3-HYDROXYPALMITOYL-ACP,EG50003-MONOMER
TPI,TPI-MONOMER:2
CPLX0-7641,YIIP-MONOMER:2
PHOSPHO-CPXA,CPXA-MONOMER
CPLX0-821,G7723-MONOMER:12
PKI-COMPLEX,PKI-MONOMER:4
GLUTAMIDOTRANS-CPLX,GLUTAMIDOTRANS-MONOMER:1;CYCLASE-MONOMER:1
CPLX0-7929,EG12844-MONOMER:2
MONOMER-58,PD00364:1;CPD-110:1
GMP-REDUCT-CPLX,GMP-REDUCT-MONOMER:4
CPLX0-7990,RFFTRANS-MONOMER:4
CPLX0-7713,PD00297:2
ABC-19-CPLX,MODC-MONOMER:2;MODB-MONOMER:2;MODA-MONOMER:1
PHOSPHO-BARA-ASP,BARA-MONOMER
CPLX0-7934,EG10342-MONOMER:1;G7424-MONOMER:1;EG11086-MONOMER:1
NAG1P-URIDYLTRANS-CPLX,NAG1P-URIDYLTRANS-MONOMER:3
CPLX0-3801,EG10245-MONOMER:3;EG11500-MONOMER:1;EG11412-MONOMER:1
PHOSPHO-DCUR-MONOMER,DCUR-MONOMER
GLUTKIN-CPLX,GLUTKIN-MONOMER:4
PHOSPHO-UHPA,UHPA-MONOMER
SAICARSYN-CPLX,SAICARSYN-MONOMER:3
CPLX0-7981,G6323-MONOMER:7
CPLX0-7794,EG11847-MONOMER:4
CPLX0-7622,LSERINEDEAM3-MONOMER:2
CPLX0-2441,EG10845-MONOMER:6
CPLX0-8088,G6799-MONOMER:1;CPD-10774:1
MONOMER0-4198,PROTEIN-NRI
PGLYCEROLTRANSII-MONOMER,PGLYCEROLTRANSI-MONOMER
CPLX0-7802,EG11643-MONOMER:2
CPLX0-1262,G7662-MONOMER:4
CPLX0-7982,MONOMER0-82:7
MONOMER0-2482,ALLOSE:1;G7821-MONOMER:1
MONOMER0-46,PD00474:1;NA+:1
CPLX0-303,EG11517-MONOMER:2
CPLX0-7956,EG11447-MONOMER:2
GALACTURIDYLYLTRANS-CPLX,GALACTURIDYLYLTRANS-MONOMER:2
CPLX0-7938,PTSI-MONOMER:2
PHOSPHO-RSTB,RSTB-MONOMER
MONOMER0-163,PD00413:1;PHE:1
CPLX0-7462,EG11234-MONOMER:2
FORMATEDEHYDROGN-CPLX,ALPHA-SUBUNIT-CPLX:3
CIS-DELTA3-DECENOYL-ACP,EG50003-MONOMER
CPLX0-7936,EG10725-MONOMER:2
FUMARASE-A,FUMA-MONOMER:2
MONOMER0-1,EG11140-MONOMER
GLUTATHIONE-REDUCT-NADPH-CPLX,GLUTATHIONE-REDUCT-NADPH-MONOMER:2
PGLYCDEHYDROG-CPLX,PGLYCDEHYDROG-MONOMER:4
CPLX0-1261,TRANSKETOII-MONOMER:1
CPLX0-7973,EG12313-MONOMER:2
CPLX0-7993,G6286-MONOMER:2
PC00033,PD00219:2
SUCB-LIPOATE,E2O-MONOMER
CPLX0-1081,EG10863-MONOMER:1
CPLX0-7994,G6528-MONOMER:1;G6529-MONOMER:1
LDC2-CPLX,LDC2-MONOMER:10
CPLX0-7922,EG11191-MONOMER:2
CPLX0-3938,EG12177-MONOMER:3
MONOMER0-155,PD00353:1;LEU:1
CPLX0-7733,PD00250:2
CPLX0-7689,EG11962-MONOMER:1;L-LACTATE:1
PHOSPHO-KDPE,KDPE-MONOMER
CPLX0-7541,ALAS-MONOMER:1;L-ALPHA-ALANINE:1
CPLX0-3954,EG12026-MONOMER:4
GLYS-CPLX,GLYS-MONOMER:2;GLYQ-MONOMER:2
GLUTDECARBOXB-CPLX,GLUTDECARBOXB-MONOMER:6
PC00010,PD00205:2
CPLX0-2661,EG10574-MONOMER:1;EG10575-MONOMER:1
GALACTOACETYLTRAN-CPLX,GALACTOACETYLTRAN-MONOMER:3
LIPOYL-ACP,EG50003-MONOMER
CYSSYNMULTI-CPLX,CPLX0-237:1;ACSERLYA-CPLX:1
ABC-58-CPLX,YNEA-MONOMER:1;YDEZ-MONOMER:1;YDEY-MONOMER:1;YDEX-MONOMER:2
CPLX0-7817,EG12181-MONOMER:2
RHAMNULPALDOL-CPLX,RHAMNULPALDOL-MONOMER:4
CPLX-155,CELC-MONOMER:1;CELB-MONOMER:2;CELA-MONOMER:1
CPLX0-8034,DTDPGLUCOSEPP-MONOMER:4
CPLX0-3931,EG10837-MONOMER:2
CPLX0-7853,EG11835-MONOMER:2
CPLX0-7986,EG10486-MONOMER:1;EG10485-MONOMER:1
CPLX0-2081,EG12399-MONOMER:2;G6627-MONOMER:2;MONOMER0-1261:1
URIDYLYL-PII2,PROTEIN-PII2
MONOMER0-1301,G7891-MONOMER:1
CPLX0-7722,G7160-MONOMER:8
CPLX0-7698,EG12165-MONOMER:2
CPLX0-3501,G7452-MONOMER:2
ANTHRANSYN-CPLX,ANTHRANSYNCOMPI-MONOMER:2;ANTHRANSYNCOMPII-MONOMER:2
MONOMER0-4180,G6319-MONOMER
CPLX0-1721,G6320-MONOMER:3;G6322-MONOMER:6;G6321-MONOMER:1;YBDE-MONOMER:3
CPLX-128,PC00061:1;FRUCTOSE-16-DIPHOSPHATE:1
CPLX0-3976,EG11486-MONOMER:1;FUC4NACTRANS-MONOMER:1;EG11295-MONOMER:1
CPLX0-7719,QUINOLINATE-SYNTHA-MONOMER:2
CPLX0-1521,EG11415-MONOMER:12
MALDEXPHOSPHORYL-CPLX,MALDEXPHOSPHORYL-MONOMER:2
GLUCOSAMINE-6-P-DEAMIN-CPLX,GLUCOSAMINE-6-P-DEAMIN-MONOMER:6
CPLX0-7731,G6720-MONOMER:2
CPLX0-7776,EG11245-MONOMER:2
CPLX0-238,ARGSUCCINSYN-MONOMER:4
DXPREDISOM-CPLX,DXPREDISOM-MONOMER:2
ENTA-CPLX,ENTA-MONOMER:8
CPLX0-7742,EG10603-MONOMER:1;CPD-8179:1
CPLX0-7725,G7430-MONOMER:1;G7429-MONOMER:2;G7428-MONOMER:6;G7427-MONOMER:1;G7426-MONOMER:1
CPLX0-7979,EG10144-MONOMER:4
PHOSPHO-NARP,NARP-MONOMER
DALADALALIGB-CPLX,DALADALALIGB-MONOMER:2
ISOCIT-LYASE,ISOCIT-LYASE-MONOMER:4
CPLX0-3936,H2NEOPTERINALDOL-MONOMER:8
BETA-HYDROXY-CIS-DELTA5-DODECENOYL-ACP,EG50003-MONOMER
CPLX0-7913,EG11884-MONOMER:2
CPLX-8331,EG11666-MONOMER:2
CPLX0-3881,FCL-MONOMER:2
GLUTDECARBOXA-CPLX,GLUTDECARBOXA-MONOMER:6
CPLX0-3141,EG12657-MONOMER:2
CPLX0-3930,EG10320-MONOMER:4;MONOMER0-2488:2
CPLX0-3001,EG10695-MONOMER:2
SPERMACTRAN-CPLX,SPERMACTRAN-MONOMER:4
CPLX0-1683,EG11692-MONOMER:2
HOMSUCTRAN-CPLX,HOMSUCTRAN-MONOMER:2
CPLX0-2521,MONOMER0-1501:6
SEC-SECRETION-CPLX,SECB:1;SECA:1;SECE-G-Y-CPLX:1;SECD-SECF-YAJC-YIDC-CPLX:1
ABC-28-CPLX,RBSA-MONOMER:2;RBSC-MONOMER:2;RBSB-MONOMER:1
FLAGELLAR-MOTOR-COMPLEX,CPLX0-7450:1;FLGH-FLAGELLAR-L-RING:1;MOTA-FLAGELLAR-MOTOR-STATOR-PROTEIN:1;MOTB-FLAGELLAR-MOTOR-STATOR-PROTEIN:1;FLGB-FLAGELLAR-MOTOR-ROD-PROTEIN:1;FLGC-FLAGELLAR-MOTOR-ROD-PROTEIN:1;FLGF-FLAGELLAR-MOTOR-ROD-PROTEIN:1;FLGG-FLAGELLAR-MOTOR-ROD-PROTEIN:1;FLGI-FLAGELLAR-P-RING:1;FLIF-FLAGELLAR-MS-RING:1;EG11346-MONOMER:1
ADENYLYL-GS,GLUTAMINESYN-MONOMER
CPLX0-7947,SUCCARGDIHYDRO-MONOMER:2
CPLX0-8008,UDPGLCNACEPIM-MONOMER:2
PKII-CPLX,PKII-MONOMER:4
PC00063,PD00338:1;PD02366:1
CPLX0-7879,EG10909-MONOMER:1;EG10666-MONOMER:1
CPLX0-7885,MONOMER0-4196:1;MONOMER0-4195:1
PHOSPHO-TORASP,TORS-MONOMER
ABC-62-CPLX,YCFW-MONOMER:1;YCFV-MONOMER:2;YCFU-MONOMER:1
DALADEHYDROG-CPLX,DALADEHYDROGA-MONOMER:2
BETA-KETO-CIS-DELTA5-DODECENOYL-ACP,EG50003-MONOMER
ATPASE-1-CPLX,MONOMER0-12:1;EG10513-MONOMER:1;KDPB-MONOMER:1;EG10515-MONOMER:1
TAR-CPLX,CHEA-CPLX:1;CHEW-MONOMER:2;TAR-MONOMER:2
ABC-40-CPLX,YEHZ-MONOMER:1;YEHX-MONOMER:2;YEHW-MONOMER:1;YEHY-MONOMER:1
SULFITE-REDUCT-CPLX,CPLX0-7841:1;BETACOMP-MONOMER:4
CPLX0-8054,CPLX0-7745:1;CPD0-881:1
CPLX0-3201,EG10580-MONOMER:2
CPLX0-7666,G6088-MONOMER:2
MONOMER-4603,EG50003-MONOMER
OX-GLUTAREDOXIN-B,GRXB-MONOMER
COBU-CPLX,COBU-MONOMER:2
CPLX0-7716,G6889-MONOMER:1;METHYL-GLYOXAL:1
MONOMER0-4292,EG12147-MONOMER
CPLX0-7951,MHPDHYDROL-MONOMER:5
CPLX0-7799,G6991-MONOMER:2
BUT-2-ENOYL-ACP,EG50003-MONOMER
UMPKI-CPLX,UMPKI-MONOMER:6
CPLX0-7749,G6799-MONOMER:1;DIHYDROXYPENTANEDIONE:1
CPLX0-7822,G7571-MONOMER:2;G7572-MONOMER:4
PHOSPHO-DPIA,G6346-MONOMER
CPLX0-7639,CPLX0-7620:2
CPLX0-7837,EG11132-MONOMER:4
CPLX0-3961,G7058-MONOMER:4
GCVMULTI-CPLX,E3-CPLX:1;GCVP-CPLX:1;LIPOYL-GCVH:1;GCVT-MONOMER:1
CPLX0-1142,G7237-MONOMER:2
CARNDEHYDRA-CPLX,CARNDEHYDRA-MONOMER:2
CPLX0-7935,PHNK-MONOMER:1;EG10719-MONOMER:2;EG10718-MONOMER:2;EG10717-MONOMER:2;EG10716-MONOMER:4
ASPKINIIHOMOSERDEHYDROGII-CPLX,ASPKINIIHOMOSERDEHYDROGII-MONOMER:2
MONOMER0-4171,EG12658-MONOMER
OROTPDECARB-CPLX,OROTPDECARB-MONOMER:2
ABC-13-CPLX,G6359-MONOMER:1;GLTK-MONOMER:1;GLTJ-MONOMER:1;GLTL-MONOMER:1
DIHYDRODIPICSYN-CPLX,DIHYDRODIPICSYN-MONOMER:4
TMAOREDUCTI-CPLX,EG11815-MONOMER:1;TORA-MONOMER:2
CPLX0-7714,CPLX0-7713:1;D-SERINE:1
CPLX0-3641,G6755-MONOMER:4
CPLX0-981,EG12344-MONOMER:6
CPLX0-7978,CPLX0-7884
CPLX0-7970,G7924-MONOMER:2
MONOMER0-2261,PD00266:1;N-ACETYL-D-GLUCOSAMINE-6-P:1
CPLX0-7626,EG11160-MONOMER:7
CPLX0-7608,EG10997-MONOMER:2
MONOMER-60,RIBOSE:1;PD03867:1
CPLX-153,ASCF-MONOMER:2
CPLX0-3925,EG11056-MONOMER:1;EG11057-MONOMER:2
CPLX0-321,PDXJ-MONOMER:8
ACNEULY-CPLX,ACNEULY-MONOMER:4
CPLX0-7910,EG11413-MONOMER:1;EG11414-MONOMER:1
TRANS-200-CPLX,CPLX0-7964:1;MACB:2;MACA:6
CPLX0-7807,EG11952-MONOMER:1;YJCQ-MONOMER:1;EG11954-MONOMER:1
DEOA-CPLX,DEOA-MONOMER:2
MONOMER0-183,PD02936:1;FORMATE:1
CPLX0-8015,ADHP-MONOMER:4
CPLX0-8062,CPLX0-7666:1;CARNITINE:1
2OXOGLUTARATEDEH-CPLX,E1O:1;E2O:1;E3-CPLX:1
CPLX0-7684,G7405-MONOMER:1;G7406-MONOMER:1
MONOMER0-2741,G7575-MONOMER
QOR-CPLX,QOR-MONOMER:2
CPLX0-7946,EG10852-MONOMER:4
CPLX0-3301,EG11111-MONOMER:2
1-PFK,1-PFK-MONOMER:2
CPLX0-8057,PD03576:1;GLYCEROL:1
THREDEHYDCAT-CPLX,THREDEHYDCAT-MONOMER:4
PHOSPHO-BASR,BASR-MONOMER
CPLX0-921,G6104-MONOMER:2
KETOBUTFORMLY-MONOMER,KETOBUTFORMLY-INACT-MONOMER
PHOSPHO-ARCA,ARCA-MONOMER
CPLX0-7,MONOMER0-5:1;CRR-MONOMER:1
PHOSGLYCMUTASE,GPMA-MONOMER:2
CPLX0-2121,EG11354-MONOMER:1;EMRB-MONOMER:1;CPLX0-7964:1
FABZ-CPLX,FABZ-MONOMER:6
CPLX0-1242,CPLX0-1241:2;CPLX0-841:1
CPLX0-2221,EG10126-MONOMER:1;CPLX0-7534:1;CPLX0-2201:1
MONOMER0-4291,EG12188-MONOMER
CPLX0-201,G6428-MONOMER:10
PYRNUTRANSHYDROGEN-CPLX,PNTB-MONOMER:2;PNTA-MONOMER:2
FABA-CPLX,FABA-MONOMER:2
CPLX0-2,CPLX0-1
RIBONUCLEOSIDE-DIP-REDUCTII-CPLX,NRDE-CPLX:1;NRDF-CPLX:1
DSBDOXI-MONOMER,DSBD-MONOMER
SUCC-ACP,EG50003-MONOMER
3-ISOPROPYLMALDEHYDROG-CPLX,3-ISOPROPYLMALDEHYDROG-MONOMER:2
PRPPAMIDOTRANS-CPLX,PRPPAMIDOTRANS-MONOMER:4
CPLX0-7681,EG11146-MONOMER:1;XANTHOSINE:1
ATPE-CPLX,ATPE-MONOMER:10
MONOMER0-2081,G7331-MONOMER:1;3-PHENYLPROPIONATE:1
TAR-GLU,TAR-CPLX
CPLX0-1041,CSRB-RNA:1;EG11447-MONOMER:18
CPLX0-1581,EG12180-MONOMER:2
CPLX0-1021,G6196-MONOMER:4
CPLX0-7755,EG12172-MONOMER:2
CPLX0-7680,CPLX0-7679:1;ZN+2:4
SECE-G-Y-CPLX,SECE:1;SECG:1;SECY:1
CPLX-3942,G7712-MONOMER:2;G7713-MONOMER:2;G7714-MONOMER:2
MONOMER0-1761,PD00237:1;MALK-MONOMER:1
CPLX0-1642,EG11879-MONOMER:3
CPLX0-8009,EG10311-MONOMER:2
ACPSUB-CPLX,ACPSUB-MONOMER:6
MONOMER-2720,G7071-MONOMER:1;APS:1
RNAP70-CPLX,APORNAP-CPLX:1;RPOD-MONOMER:1
RIBULOKIN-CPLX,RIBULOKIN-MONOMER:2
ACP-MONOMER,EG50003-MONOMER
ABC-3-CPLX,HISQ-MONOMER:1;HISP-MONOMER:2;HISM-MONOMER:1;ARGT-MONOMER:1
CPLX0-1241,EG11249-MONOMER:2
CPLX0-2381,PPK-CPLX:1;CPLX0-3461:1;CPLX0-3541:1;CPLX0-3521:1;ENOLASE-CPLX:1
CPLX0-7909,G7366-MONOMER:1;G7365-MONOMER:1
MONOMER-57,PD04099:1;PHOSPHO-ENOL-PYRUVATE:1
CPLX-166,MTLA-MONOMER:2
MONOMER0-4196,EG10374-MONOMER
CHEA-CPLX,PROTEIN-CHEA:2
OCTANOYL-ACP,EG50003-MONOMER
CPLX0-7648,G7348-MONOMER:2
CPLX0-1121,G7845-MONOMER:2
CPLX0-226,PC00004:1;CAMP:1
PYRUVFORMLY-INACTIVE-CPLX,PYRUVFORMLY-MONOMER:2
AMINEOXID-CPLX,AMINEOXID-MONOMER:2
RECBCD,EG10826-MONOMER:1;EG10825-MONOMER:1;EG10824-MONOMER:1
CFA-CPLX,CFA-MONOMER:2
MONOMER-4565,EG50003-MONOMER
CPLX0-7952,EG10306-MONOMER:1;CPLX0-1923:1
PHOSPHASERSYN-CPLX,PHOSPHASERSYN-MONOMER:1
PROS-CPLX,PROS-MONOMER:2
NAG6PDEACET-CPLX,NAG6PDEACET-MONOMER:4
CPLX0-7736,EG12235-MONOMER:1;CPD-763:1
ALPHA-SUBUNIT-CPLX,FDNI-MONOMER:1;FDNH-MONOMER:1;FDNG-MONOMER:1
MONOMER-47,PD00222:1;RHAMNOSE:1
CPLX0-7740,PD04028:2
PHOSPHO-EVGA,EVGA-MONOMER
CPLX0-8026,5-METHYLTHIOADENOSINE:1;PD04032:1
CPLX0-2901,MONOMER0-1842:4;MONOMER0-1843:4
CPLX0-8032,G7234-MONOMER:2
BIOTIN-CARBOXYL-CPLX,BIOTIN-CARBOXYL-MONOMER:2
CPLX0-801,EG11398-MONOMER:2
PHOSPHASERDECARB-DIMER,PHOSPHASERDECARB-BETA-MONOMER:1;PHOSPHASERDECARB-ALPHA-MONOMER:1
CPLX0-8083,G7326-MONOMER:1;CPD-6:1
ORNCARBAMTRANSFERI-CPLX,CHAINI-MONOMER:3
NITRITREDUCT-CPLX,NIRD-MONOMER:1;NIRB-CPLX:1
CPLX0-7668,EG11134-MONOMER:2
ABC-48-CPLX,YNJC-MONOMER:2;YNJD-MONOMER:2
ALPHAGALACTOSID-CPLX,ALPHAGALACTOSID-MONOMER:2
CPLX0-3221,YRAO-MONOMER:2
ANSB-CPLX,ANSB-MONOMER:4
CPLX0-7647,RIBOKIN-MONOMER:2
MONOMER-55,PD03585:1;GLUCONATE:1
ABC-18-CPLX,MGLA-MONOMER:2;MGLC-MONOMER:2;MGLB-MONOMER:1
DHHB-METHYLTRANSFER-CPLX,DHHB-METHYLTRANSFER-MONOMER:2
MONOMER-56,PD00283:1;SORBITOL:1
CPLXECOLI-7943,G7409-MONOMER:2
CPLX0-3969,EG10921-MONOMER:24
CPLX0-7656,EG12169-MONOMER:1;CCME-MONOMER:1;CCMC-MONOMER:1
CPLX0-1382,RNPB-RNA:1;EG10862-MONOMER:1
MONOMER0-2461,PD00369:1;MANNITOL:1
CPLX0-7709,G6644-MONOMER:12
PHOSPHO-BARA-HIS,BARA-MONOMER
CPLX0-7726,G6501-MONOMER:2
TSR-GLUME,TSR-CPLX
CPLX0-8027,ADENINE:1;PD04032:1
THRS-CPLX,THRS-MONOMER:2
TRYPSYN,TRYPSYN-APROTEIN:2;CPLX0-2401:1
CPLX0-252,FABH-MONOMER:2
AROH-CPLX,AROH-MONOMER:2
ABC-10-CPLX,FEPC-MONOMER:2;FEPD-MONOMER:1;FEPG-MONOMER:1;FEPB-MONOMER:1
OX-FLAVODOXIN2,FLAVODOXIN2-MONOMER
F16B-CPLX,F16B-MONOMER:4
ISOCITHASE-P,ISOCITHASE-CPLX
CPLX0-7659,RIBOFLAVINSYNDEAM-MONOMER:2
SAMDC-BETA-MONOMER,SPED-MONOMER
CPLX0-7721,PHOSPHO-DCUR-MONOMER:2
CPLX-7,ARSF-MONOMER:2
CPLX0-7670,CPLX0-7669:1;LYS:1
DTDPGLUCDEHYDRAT-CPLX,DTDPGLUCDEHYDRAT-MONOMER:2
CPLX0-7928,EG10836-MONOMER:4
CPLX0-7827,G6326-MONOMER:2
DIHYDROOROT-CPLX,DIHYDROOROT-MONOMER:2
CPLX0-7848,G7855-MONOMER:6
CPLX0-3661,G7590-MONOMER:2
DIHYDROPTERIREDUCT-CPLX,DIHYDROPTERIREDUCT-MONOMER:2
CPLX0-7667,G7564-MONOMER:2
MONOMER0-2863,RIBONUCLEOSIDE-TRIP-REDUCT-CPLX
GPT-CPLX,GPT-MONOMER:4
CPLX0-7961,YADQ-MONOMER:2
CPLX0-7465,ALARACECAT-MONOMER:2
PHOSPHO-NARX,NARX-MONOMER
CPLX0-7662,BETA-GLUCURONID-MONOMER:4
ACETOLACTSYNII-CPLX,G8221-MONOMER:1;LARGEILVG-MONOMER:1;SMALLILVM-MONOMER:1
CPLX0-3541,EG10844-MONOMER:2
OX-FLAVODOXIN1,FLAVODOXIN1-MONOMER
CPLX0-7606,CPLX0-7605:1;GLYOX:1
CPLX0-902,EG11761-MONOMER:2
THIOESTERII-CPLX,THIOESTERII-MONOMER:4
MONOMER0-4184,EVGS-MONOMER
CPLX0-7847,PDXA-MONOMER:2
CPLX0-1621,EG11299-MONOMER:2
CPLX0-3041,EG11549-MONOMER:2
CPLX0-7428,SULFATE-ADENYLYLTRANS-CPLX:4
CPLX0-7646,EG10817-MONOMER:10
CPLX-159,FRVB-MONOMER:2;FRVA-MONOMER:1
KDO-8PPHOSPHAT-CPLX,G7663-MONOMER:4
ABC-23-CPLX,PHNC-MONOMER:2;PHNE-MONOMER:2;PHND-MONOMER:1
CPLX0-3061,EG10694-MONOMER:6
CPLX0-7801,G7271-MONOMER:3
PABSYNMULTI-CPLX,PABASYN-CPLX:1;ADCLY-CPLX:1
SULFATE-ADENYLYLTRANS-CPLX,CYSD-MONOMER:1;CYSN-MONOMER:1
MONOMER-48,BIOTINLIG-MONOMER:1;BIO-5-AMP:1
CPLX0-7854,EG12202-MONOMER:2
CPLX0-7985,G7840-MONOMER:7
CPLX0-7806,G7194-MONOMER:2
CPLX0-2781,PC00040:1;ACETYLSERINE:1
GAPDH-A-CPLX,GAPDH-A-MONOMER:4
CPLX0-7761,ACONITATEDEHYDRB-MONOMER:2
CPLX0-7624,EG10955-MONOMER:2;G7629-MONOMER:4
CPLX0-8069,G7594-MONOMER:1;NI+2:1
CPLX0-7718,G7168-MONOMER:6
CPLX0-263,MONOMER0-2:2;MONOMER0-3:2
TAP-GLUME,TAP-CPLX
AROC-CPLX,AROC-MONOMER:4
RNAPS-CPLX,APORNAP-CPLX:1;RPOS-MONOMER:1
CPLX-8401,G7463-MONOMER:6
PHOSPHO-OMPR,PHOSPHO-OMPR-MONOMER:2
ETHAMLY-CPLX,EUTB-MONOMER:6;EUTC-MONOMER:6
CPLX0-7889,EG11211-MONOMER:2
FUMARASE-C,FUMC-MONOMER:4
CPLX0-7417,G6212-MONOMER:2
PHOSPHO-ATOS,CPLX0-7870
CPLX0-3939,G6334-MONOMER:2
PHOSPHASERDECARB-BETA-MONOMER,PSD-MONOMER
PC00084,RCSB-MONOMER:1;PD02233:1
MONOMER0-2101,FRUCTURONATE:1;EG20249-MONOMER:1
CPLX0-7420,G7327-MONOMER:2
TSR-GLU,TSR-CPLX
CPLX0-7707,MONOMER0-1781:4
CPLX0-3781,MONOMER0-1041:1;EG12844-MONOMER:2
ABC-32-CPLX,SFUC-MONOMER:2;SFUB-MONOMER:2;SFUA-MONOMER:1
CPLX0-743,DXS-MONOMER:2
DEOD-CPLX,DEOD-MONOMER:6
ASPAMINOTRANS-DIMER,ASPAMINOTRANS-MONOMER:2
CPLX0-7747,G6660-MONOMER:2
CPLX0-7734,EG12235-MONOMER:2
GABATRANSAM-CPLX,GABATRANSAM-MONOMER:2
UVRABC-CPLX,EG11064-MONOMER:1;EG11061-MONOMER:1;EG11063-MONOMER:1;EG11062-MONOMER:1
ASNSYNB-CPLX,ASNSYNB-MONOMER:2
MONOMER0-2201,G6276-MONOMER:1;GLYOX:1
MONOMER0-160,PD03831:1;ATP:1
CPLX0-7425,CPLX0-7757:1;EG10443-MONOMER:2
MONOMER0-2811,EG10873-MONOMER
CPLX0-235,MONOMER-43:2
DUTP-PYROP-CPLX,DUTP-PYROP-MONOMER:3
ABC-9-CPLX,FECE-MONOMER:2;FECC-MONOMER:1;FECD-MONOMER:1;FECB-MONOMER:1
CPLX0-8004,DSBG-CPLX
CPLX0-253,EG12656-MONOMER:2
ASPCARBCAT-TRIMER,ASPCARBCAT-MONOMER:3
CPLX0-761,G7485-MONOMER:1;G7486-MONOMER:1;G7487-MONOMER:1
CPLX0-2201,EG11007-MONOMER:1;EG11010-MONOMER:1;EG11011-MONOMER:1;EG11008-MONOMER:1;EG12854-MONOMER:1;EG10684-MONOMER:1
CPLX0-7989,G6662-MONOMER:2
CPLX0-3937,EG10252-MONOMER:4;EG10253-MONOMER:4
GTP-CYCLOHYDRO-II-CPLX,GTP-CYCLOHYDRO-II-MONOMER:2
CPLX0-246,G6906-MONOMER:2
NUCLEOSIDE-DIP-KIN-CPLX,NUCLEOSIDE-DIP-KIN-MONOMER:4
MONOMER0-1781,EG11519-MONOMER:1;NI+2:1
CPLX0-3602,EG11547-MONOMER:2
CPLX0-1541,EG11090-MONOMER:2
E2O,E2O-MONOMER:24
MONOMER0-4194,RCSC-MONOMER
ABC-5-CPLX,BTUD-MONOMER:2;BTUC-MONOMER:2;EG12334-MONOMER:1
RIBONUCLEOSIDE-DIP-REDUCTI-CPLX,B1-CPLX:1;B2-CPLX:1
PURE-CPLX,PURE-MONOMER:8
YDGEF-CPLX,B1600-MONOMER:1;B1599-MONOMER:1
CPLX0-7683,EG11845-MONOMER:6
LTARTDEHYDRA-CPLX,TTDA-CPLX:1;TTDB-CPLX:1
ANSA-CPLX,ANSA-MONOMER:4
PHOSPHO-CHEY,CHEY-MONOMER
CPLX0-3401,EG10308-MONOMER:1;EG10313-MONOMER:1;EG10314-MONOMER:1;EG10315-MONOMER:1
CPLX0-7852,RCSB-MONOMER:1;EG11544-MONOMER:1
MONOMER0-4166,EG10487-MONOMER
CPLX0-3104,CPLX0-3101:1;CPLX0-881:2
CPLX0-7988,G6715-MONOMER:6;G6714-MONOMER:6
CPLX0-3921,G6500-MONOMER:2
CPLX0-1863,G6379-MONOMER:6
CPLX0-3929,EG10973-MONOMER:4
CPLX0-3932,ACRD-MONOMER:1;EG11703-MONOMER:1;CPLX0-7964:1
CPLX0-241,TAGAALDOL2-MONOMER:1;G7128-MONOMER:1
PYRUVFORMLY-CPLX,PYRUVFORMLY-INACTIVE-CPLX
CPLX0-7525,MEND-MONOMER:2
CPLX0-8071,ALLANTOIN:1;G6276-MONOMER:1
FADB-CPLX,FADB-MONOMER:2
CPLX0-7844,G6669-MONOMER:2;G6670-MONOMER:2
ABC-11-CPLX,FHUC-MONOMER:2;FHUB-MONOMER:2;FHUD-MONOMER:1
CPLX0-861,G7055-MONOMER:2
EIISGA,YJFU-MONOMER:1;YJFT-MONOMER:1;SGAT-MONOMER:2
CPLX0-7631,FUCISOM-MONOMER:6
ADENYLYLSULFKIN-CPLX,ADENYLYLSULFKIN-MONOMER:2
ASNSYNA-CPLX,ASNSYNA-MONOMER:2
CPLX0-7916,G7948-MONOMER:1;RCSB-MONOMER:1
CPLX0-7760,ACONITASE-MONOMER:2
CPLX0-2424,EG10687-MONOMER:2;CPLX0-2423:1
XYLISOM-CPLX,XYLISOM-MONOMER:4
GLYCDEH-CPLX,GLYCDEH-MONOMER:8
KDPD-CPLX,KDPD-MONOMER:2
CPLX0-7534,EG10671-MONOMER:3
PC00103,PD01103:2
ABC-45-CPLX,G7659-MONOMER:1;YRBF-MONOMER:2;YRBE-MONOMER:2;EG12799-MONOMER:1;G7658-MONOMER:2
CPLX0-3281,EG10857-MONOMER:2
CPLX0-7816,EG11100-MONOMER:2
CPLX0-7954,ABC-11-CPLX:1;CPLX0-7952:1
GLUTAREDOXIN-MONOMER,RED-GLUTAREDOXIN
CPLX0-7629,NHAA-MONOMER:2
CPLX0-2401,TRYPSYN-BPROTEIN:2
SUCB-DIHYDROLIPOATE,E2O-MONOMER
PIIPROTEIN-CPLX,PROTEIN-PII:3
CPLX0-7908,EG12132-MONOMER:4
CPLX0-7735,CPLX0-7733:1;ASN:1
E3-CPLX,E3-MONOMER:2
TTDA-CPLX,TTDA-MONOMER:2
CPLX0-7808,COPROGENOXI-MONOMER:2
DMBPPRIBOSYLTRANS-CPLX,DMBPPRIBOSYLTRANS-MONOMER:2
PANTOATE-BETA-ALANINE-LIG-CPLX,PANTOATE-BETA-ALANINE-LIG-MONOMER:2
PPX-CPLX,PPX-MONOMER:2
ATPF-CPLX,ATPF-MONOMER:2
L-GLN-FRUCT-6-P-AMINOTRANS-CPLX,L-GLN-FRUCT-6-P-AMINOTRANS-MONOMER:2
EIISGC,MONOMER0-2121:1;SGCC-MONOMER:1;SGCA-MONOMER:1
UDHA-CPLX,UDHA-MONOMER:8
FOLXTET-CPLX,H2NTPEPIM-MONOMER:8
THYMIDYLATESYN-CPLX,THYMIDYLATESYN-MONOMER:2
MONOMER0-162,PD00413:1;TYR:1
ABC-55-CPLX,YCJP-MONOMER:1;YCJO-MONOMER:1;YCJN-MONOMER:1
PTSH-PHOSPHORYLATED,PTSH-MONOMER
NQOR-CPLX,NQOR-MONOMER:2
CPLX0-1461,EG10438-MONOMER:6
PROTEIN-NRIIP,GLNL-CPLX
GLYC3PDEHYDROGBIOSYN-CPLX,GLYC3PDEHYDROGBIOSYN-MONOMER:2
CPLX0-236,G6770-MONOMER:2
CPLX0-224,MONOMER0-146:2
CPLX0-3927,EG11731-MONOMER:6
CPLX0-254,G7516-MONOMER:6
CPLX0-2561,CPLX0-7696:1;CPLX0-7697:1
CPLX0-3121,EG11723-MONOMER:2
CPLX0-3621,EG10236-MONOMER:6
6PGLUCONDEHYDROG-CPLX,6PGLUCONDEHYDROG-MONOMER:2
CPLX0-7942,EG10125-MONOMER:1;EG12181-MONOMER:1
GLUCONOKINII-CPLX,GLUCONOKINII-MONOMER:3
CPLX0-2423,EG10686-MONOMER:2
FAO-CPLX,FADB-CPLX:1;FADA-CPLX:1
CPLX0-8043,G6799-MONOMER:4
CPLX0-8011,GLCNACPTRANS-MONOMER:2
FOLD-CPLX,FOLD-MONOMER:2
OX-THIOREDOXIN2-MONOMER,RED-THIOREDOXIN2-MONOMER
SIROHEMESYN-CPLX,SIROHEMESYN-MONOMER:2
MUTHLS-CPLX,EG11281-MONOMER:1;EG10625-MONOMER:1;EG10624-MONOMER:1
CPLX0-7748,PHOSPHO-CPXR:2
CPLX0-2141,EG10266-MONOMER:1;ACRF-MONOMER:1;CPLX0-7964:1
CPLX0-7632,PD01343:4
CPLX0-8056,EG12202-MONOMER:1;TREHALOSE-6P:1
CPLX0-7693,G6731-MONOMER:2
CPLX0-7796,MONOMER0-157:2
3-METHYL-2-OXOBUT-OHCH3XFER-CPLX,3-CH3-2-OXOBUTANOATE-OH-CH3-XFER-MONOMER:10
RECFOR-CPLX,EG10828-MONOMER:1;EG10834-MONOMER:1;EG10832-MONOMER:1
CPLX0-7791,EG10836-MONOMER:4;EG11131-MONOMER:4
CPLX0-234,G7423-MONOMER:2
CPLX0-1321,EG10436-MONOMER:1;EG10435-MONOMER:1
ECNAB-CPLX,MONOMER0-1563:1;MONOMER0-1562:1
PHOSPHO-PHOR,PHOR-CPLX
CPLX0-7466,XYLULOKIN-MONOMER:2
CPLX0-7743,EG10603-MONOMER:1;CPD-7970:1
PHOSPHASERDECARB-CPLX,PHOSPHASERDECARB-DIMER:1
CPLX0-7669,EG10490-MONOMER:2
DCYSDESULF-CPLX,DCYSDESULF-MONOMER:2
ALKAPHOSPHA-CPLX,ALKAPHOSPHA-MONOMER:2
GST-CPLX,GST-MONOMER:2
MONOMER0-4125,EG11597-MONOMER
DIHYDROXYACIDDEHYDRAT-CPLX,DIHYDROXYACIDDEHYDRAT-MONOMER:2
MONOMER0-1843,ASPDECARBOX-MONOMER
CPLX0-7756,EG11212-MONOMER:2
CPLX0-1862,CPLX0-1924:1;ABC-5-CPLX:1
CPLX0-3161,MONOMER0-1981:4
HYDROPEROXIDI-CPLX,HYDROPEROXIDI-MONOMER:4
CIS-3-4-DEHYDRODECANOYL-ACP,EG50003-MONOMER
CARBPSYN-CPLX,CARBPSYN-LARGE:2;CARBPSYN-SMALL:2
CPLX0-255,G7492-MONOMER:4
FORMHYDROGI-CPLX,HYAA-MONOMER:1;HYAB-MONOMER:1;HYAC-MONOMER:1
CPLX0-7997,DIAMINOPIMEPIM-MONOMER:2
PDXK-CPLX,PDXK-MONOMER:4
CPLX0-7904,EG12030-MONOMER:4
CPLX0-7964,EG11009-MONOMER:3
CPLX0-2641,EG10461-MONOMER:2
ABC-22-CPLX,OPPC-MONOMER:1;OPPD-MONOMER:1;OPPF-MONOMER:1;OPPB-MONOMER:1;OPPA-MONOMER:1
CPLX0-3941,G6717-MONOMER:4
TYRS-CPLX,TYRS-MONOMER:2
ORNCARBAMTRANSFERF-CPLX,CHAINF-MONOMER:3
HSP70-CPLX,EG10240-MONOMER:1;EG10241-MONOMER:1;EG10416-MONOMER:1
CPLX-3944,EG10286-MONOMER:1;EG10292-MONOMER:1
PHOSPHO-ARCB-ASP,ARCB-MONOMER
GLUTAMATESYN-DIMER,GLUSYNSMALL-MONOMER:1;GLUSYNLARGE-MONOMER:1
CPLX0-228,PC00005:1;ARG:1
CPLX0-7692,EG10572-MONOMER:2
CPLX0-7724,EG10284-MONOMER:2
CPLX0-682,MONOMER0-541:6
CPLX0-3953,RRSA-RRNA:1;EG10900-MONOMER:1;EG10901-MONOMER:1;EG10902-MONOMER:1;EG10903-MONOMER:1;EG10904-MONOMER:1;EG10905-MONOMER:1;EG10906-MONOMER:1;EG10907-MONOMER:1;EG10908-MONOMER:1;EG10909-MONOMER:1;EG10910-MONOMER:1;EG10911-MONOMER:1;EG10912-MONOMER:1;EG10913-MONOMER:1;EG10914-MONOMER:1;EG10915-MONOMER:1;EG10916-MONOMER:1;EG10917-MONOMER:1;EG10918-MONOMER:1;EG10919-MONOMER:1;EG10920-MONOMER:1;EG11508-MONOMER:1
MONOMER-54,PD03576:1;GLYCEROL-3P:1
CPLX0-7422,EG12309-MONOMER:2
DIMESULFREDUCT-CPLX,DMSA-MONOMER:1;DMSB-MONOMER:1;DMSC-MONOMER:1
PROTEIN-NRIP,MONOMER0-4198:8
CPLX0-1944,ABC-10-CPLX:1;CPLX0-1941:1
GLYOHMETRANS-CPLX,GLYOHMETRANS-MONOMER:2
CPLX0-841,EG10571-MONOMER:2
CPLX0-7613,G7286-MONOMER:6
CPLX0-3962,RRLA-RRNA:1;RRFA-RRNA:1;EG10864-MONOMER:1;EG10865-MONOMER:1;EG10866-MONOMER:1;EG10867-MONOMER:1;EG10868-MONOMER:1;EG10869-MONOMER:1;CPLX0-3956:1;EG10870-MONOMER:1;EG10872-MONOMER:1;EG10874-MONOMER:1;EG10875-MONOMER:1;EG10876-MONOMER:1;EG10877-MONOMER:1;EG10878-MONOMER:1;EG10879-MONOMER:1;EG10880-MONOMER:1;EG10881-MONOMER:1;EG50001-MONOMER:1;EG10882-MONOMER:1;EG10883-MONOMER:1;EG10884-MONOMER:1;EG10885-MONOMER:1;EG50002-MONOMER:1;EG10886-MONOMER:1;EG10887-MONOMER:1;EG10888-MONOMER:1;EG10889-MONOMER:1;EG10890-MONOMER:1;EG10891-MONOMER:1;EG10892-MONOMER:1;EG11231-MONOMER:1;EG11232-MONOMER:1
CPLX0-2001,ABC-9-CPLX:1;CPLX0-1943:1
CPLX0-8016,UDPHYDROXYMYRGLUCOSAMNACETYLTRANS-MONO:3
DIOHBUTANONEPSYN-CPLX,DIOHBUTANONEPSYN-MONOMER:2
ARABISOM-CPLX,ARABISOM-MONOMER:6
NAP-CPLX,NAPB-MONOMER:1;NAPC-MONOMER:1;CPLX0-3241:1;NAPA-MONOMER:1
CPLX0-232,GLVC-MONOMER:2;GLVB-MONOMER:1
CPLX0-7963,EMRE-MONOMER:2
PHOSPHO-NARL,NARL-MONOMER
PANTOTHENATE-KIN-CPLX,PANTOTHENATE-KIN-MONOMER:2
CPLX0-8085,EG12431-MONOMER:1;PUTRESCINE:1
PABASYN-CPLX,PABASYN-COMPI-MONOMER:1;PABASYN-COMPII-MONOMER:1
PHOSPHO-ATOC,ATOC-MONOMER
CPLX0-244,EG11261-MONOMER:2
FABB-CPLX,FABB-MONOMER:2
CPLX0-3933,EG10952-MONOMER:1;EG10658-MONOMER:1;G7352-MONOMER:1;G6093-MONOMER:1;G7320-MONOMER:1
CPLX0-721,EG11816-MONOMER:3
SRP-CPLX,FFS-RNA:1;EG10346-MONOMER:1;EG10300-MONOMER:1
CPLX0-245,EG11384-MONOMER:1;EG11385-MONOMER:1
MONOMER0-4293,EG11682-MONOMER
CPLX0-3841,EG11294-MONOMER:2
CPLX0-7960,HMP-KIN-MONOMER:2
CREC-CPLX,CREC-MONOMER:2
CPLX0-7744,G7858-MONOMER:2
CPLX0-7720,MONOMER0-2682:1;G7171-MONOMER:1
CPLX-8029,CPLX0-3949:6
DAPASYN-CPLX,DAPASYN-MONOMER:2
NARX-CPLX,NARX-MONOMER:2
PHOSPHO-BASS,BASS-MONOMER
CPLX-8332,CPLX-8331:3
CPLX0-1881,G7877-MONOMER:3
CPLX0-7530,MONOMER0-282:3
CPLX0-7597,EG10375-MONOMER:2
UDPGLUCEPIM-CPLX,UDPGLUCEPIM-MONOMER:2
CPLX0-3521,EG10743-MONOMER:3
CPLX0-7787,G6109-MONOMER:1;G6110-MONOMER:1
DSBC-CPLX,DSBC-MONOMER:2
CPLX0-7710,PD00364:2
CPLX-169,G8210-MONOMER:1;GUTB-MONOMER:1;GUTA-MONOMER:1
CPLX0-7653,AQPZ-MONOMER:4
CPLX0-7649,EG11865-MONOMER:2
GLUTAMATESYN-CPLX,GLUTAMATESYN-DIMER:4
CYTIDEAM-CPLX,CYTIDEAM-MONOMER:2
CPLX0-7415,LIPIDADISACCHARIDESYNTH-MONOMER:8
MONOMER0-2221,G6274-MONOMER:1;S-ALLANTOIN:1
ACETOLACTSYNI-CPLX,LARGEILVB-MONOMER:2;SMALLILVN-MONOMER:2
PHOSPHO-OMPR-MONOMER,OMPR-MONOMER
LYSDECARBOX-CPLX,LYSDECARBOX-MONOMER:10
ADHE-CPLX,ADHE-MONOMER:40
TRANS-CPLX-203,EG12283-MONOMER:1;EG12282-MONOMER:1;MONOMER0-422:1
MONOMER0-1842,ASPDECARBOX-MONOMER
RIBULPEPIM-CPLX,RIBULPEPIM-MONOMER:4
CPLX0-8076,PD00194:1;ARG:1
ACSERLYA-CPLX,ACSERLYA-MONOMER:2
TAP-GLN,TAP-CPLX
CPLX0-3803,CPLX0-2361:3;CPLX0-3801:1;CPLX0-3761:2;CPLX0-3802:1;CPLX0-7910:4
CPLX0-8055,EG12116-MONOMER:1;CPD0-1938:1
PC00007,PD00423:2
ABC-7-CPLX,CYSA-MONOMER:2;CYSW-MONOMER:1;CYST-MONOMER:1;CYSP-MONOMER:1
CPLX0-248,G7325-MONOMER:2
CPLX0-8048,EG12694-MONOMER:1;TARTRATE:1
HIPA-P,EG10443-MONOMER
CPLX-7524,G6285-MONOMER:2
ABC-29-CPLX,SAPF-MONOMER:1;SAPD-MONOMER:1;SAPB-MONOMER:1;SAPC-MONOMER:1;SAPA-MONOMER:1
MONOMER0-4142,DSBBPROT-MONOMER
DCTP-DEAM-CPLX,DCTP-DEAM-MONOMER:3
CPLX0-1841,G7500-MONOMER:1;G7499-MONOMER:1
CPLX0-1821,G7842-MONOMER:2
CPLX0-7955,YJCG-MONOMER:2
CPLX-164,MALX-MONOMER:2;CRR-MONOMER:1
ENTE-CPLX,ENTE-MONOMER:2
CPLX0-3923,G6895-MONOMER:2
CPLX0-8005,3-OXOACYL-ACP-REDUCT-MONOMER:4
MONOMER0-4178,G6318-MONOMER
ABC-56-CPLX,G6478-MONOMER:1;YCBM-MONOMER:2;YCBE-MONOMER:2
CPLX0-8,EG10608-MONOMER:1;EG10609-MONOMER:1;EG10610-MONOMER:1
COADTRI-CPLX,PANTEPADENYLYLTRAN-MONOMER:6
ADHC-CPLX,ADHC-MONOMER:2
FORMYLTHFDEFORMYL-CPLX,FORMYLTHFDEFORMYL-MONOMER:6
MONOMER0-562,G7546-MONOMER:1;GLYCOLLATE:1
ASPS-CPLX,ASPS-MONOMER:2
CPLX0-7677,EG11969-MONOMER:1;ZN+2:1
ORNDECARBOX-BIO-CPLX,ORNDECARBOX-BIO-MONOMER:2
RIB5PISOMA-CPLX,RIB5PISOMA-MONOMER:2
CPLX0-7795,PHOSPHO-KDPE:2
ARGDECARBOXDEG-CPLX,ARGDECARBOXDEG-MONOMER:10
ABC-8-CPLX,DPPD-MONOMER:1;DPPF-MONOMER:1;DPPB-MONOMER:1;DPPC-MONOMER:1;DPPA-MONOMER:1
CPLX0-7906,CAIT-MONOMER:3
CPLX0-1941,CPLX0-1923:1;EG10293-MONOMER:1
PPK-CPLX,PPK-MONOMER:4
ABC-53-CPLX,G7889-MONOMER:1;YHBG-MONOMER:2;G7888-MONOMER:1
FORMATEDEHYDROGO-CPLX,FDOG-MONOMER:1;FDOH-MONOMER:1;FDOI-MONOMER:1
CPLX0-7723,G7158-MONOMER:6
TATABCE-CPLX,G7808-MONOMER:1;EG11479-MONOMER:1;EG11305-MONOMER:1;TATA:1
IMIDHISTID-CPLX,IMIDPHOSPHADEHYDHISTIDPHOSPHA-MONOMER:2
CPLX0-7705,PD00196:2
METG-CPLX,METG-MONOMER:2
CPLX0-3861,G7724-MONOMER:8
CPLX0-1162,EG11676-MONOMER:6
CPLX0-7702,G6263-MONOMER:1;CU+:1
SAMDECARB-CPLX,SAMDC-ALPHA-MONOMER:4;SAMDC-BETA-MONOMER:4
SUCB-S-SUCCINYLDIHYDROLIPOATE,E2O-MONOMER
CPLX0-7959,ASL-MONOMER:4
ABC-41-CPLX,YEJF-MONOMER:2;YEJB-MONOMER:1;YEJE-MONOMER:1;YEJA-MONOMER:1
CPLX0-7679,EG11929-MONOMER:2
CPLX0-8033,EG11101-MONOMER:2
ABC-33-CPLX,XYLG-MONOMER:2;XYLH-MONOMER:2;XYLF-MONOMER:1
GLNL-CPLX,PROTEIN-NRII:2
PC00003,PD00242:2
CPLX0-1942,CPLX0-1923:1;EG10302-MONOMER:1
CPLX0-2921,EG10463-MONOMER:6
CPLX0-7836,G7292-MONOMER:6
CPLX0-1923,EG11012-MONOMER:1;EG10271-MONOMER:1;EG10272-MONOMER:1
NIRB-CPLX,NIRB-MONOMER:2
PHOSPHO-CREC,CREC-CPLX
CPLX0-2821,TORR-CPLX
CPLX0-7800,EG11171-MONOMER:2
CPLX0-3361,NUOE-MONOMER:1;NUOF-MONOMER:1;NUOG-MONOMER:1
CPLX0-2425,EG10423-MONOMER:2;EG10424-MONOMER:2
GUANYL-KIN-CPLX,GUANYL-KIN-MONOMER:2
NAD-SYNTH-CPLX,NAD-SYNTH-MONOMER:2
ATPD-CPLX,ATPD-MONOMER:3
CPLX0-7605,PD04099:1;PYRUVATE:1
CPLX0-3382,G7702-MONOMER:1;G7703-MONOMER:1;G7704-MONOMER:1;G7705-MONOMER:1;G7706-MONOMER:1;G7707-MONOMER:1;G7708-MONOMER:1;G7709-MONOMER:1;G7710-MONOMER:1;G7711-MONOMER:1;EG12173-MONOMER:1;EG11359-MONOMER:1
THIOREDOXIN-REDUCT-NADPH-CPLX,THIOREDOXIN-REDUCT-NADPH-MONOMER:2
TTDB-CPLX,TTDB-MONOMER:2
MONOMER0-165,EG20253-MONOMER:1;XYLOSE:1
CPLX0-3681,EG10838-MONOMER:5
PHOR-CPLX,PHOR-MONOMER:2
CPLX0-7701,G6420-MONOMER:1;MN+2:1
ENTF-PANT,ENTF-MONOMER
HYDROG3-CPLX,HYCD-MONOMER:1;HYCC-MONOMER:1;HYCF-MONOMER:1;HYCG-MONOMER:1;HYCBSMALL-MONOMER:1;HYCELARGE-MONOMER:1
SPERMIDINESYN-CPLX,SPERMIDINESYN-MONOMER:2
RNAP32-CPLX,APORNAP-CPLX:1;RPOH-MONOMER:1
PAPSSULFOTRANS-CPLX,PAPSSULFOTRANS-MONOMER:2
HCAMULTI-CPLX,HCAC-MONOMER:1;HCAD-MONOMER:1;HCAA2-MONOMER:1;PHENYLPRODIOXY-MONOMER:1
DGTPTRIPHYDRO-CPLX,DGTPTRIPHYDRO-MONOMER:4
CPLX0-7798,EG11757-MONOMER:2
CPLX0-1341,G6909-MONOMER:1;G6908-MONOMER:2;G6907-MONOMER:1
MONOMER0-941,EG11149-MONOMER:1;GLY:1
CPLX0-8012,DTDPGLUCOSEPP2-MONOMER:4
PTSI-PHOSPHORYLATED,CPLX0-7938
CPLX0-7933,G7489-MONOMER:3
NRDF-CPLX,NRDF-MONOMER:2
3-ISOPROPYLMALISOM-CPLX,LEUC-MONOMER:1;LEUD-MONOMER:1
CYANLY-CPLX,CYANLY-MONOMER:2
PDXH-CPLX,PDXH-MONOMER:2
CPLX0-7927,G6760-MONOMER:2
CPLX0-7824,EG11378-MONOMER:2
CPLX0-782,EG11306-MONOMER:2
CPLX0-1762,G6713-MONOMER:1;G6709-MONOMER:1;G6711-MONOMER:1;G6710-MONOMER:1
SUPEROX-DISMUTFE-CPLX,SUPEROX-DISMUTFE-MONOMER:2
CPLX0-322,GSK-MONOMER:2
CPLX0-8079,EG10143-MONOMER:1;DIACETYLCHITOBIOSE-6-PHOSPHATE:1
CPLX0-250,MONOMER0-150:1;MONOMER0-151:1;MONOMER0-152:1;MONOMER0-153:1;MONOMER0-154:1;MONOMER0-141:1;MONOMER0-142:1;MONOMER0-143:1;MONOMER0-144:1
ABC-12-CPLX,GLNQ-MONOMER:2;GLNP-MONOMER:2;GLNH-MONOMER:1
TRYPTOPHAN-CPLX,TRYPTOPHAN-MONOMER:4
CPLX0-3950,EG11023-MONOMER:2
DSBG-CPLX,DSBG-MONOMER:2
ABC-70-CPLX,SBP-MONOMER:1;CYSW-MONOMER:1;CYST-MONOMER:1;CYSA-MONOMER:2
UPPSYN-CPLX,UPPSYN-MONOMER:2
ACETOACETYL-COA-TRANSFER-CPLX,ATOA-CPLX:1;ATOD-CPLX:1
CPLX0-7826,G7530-MONOMER:2
GDHA-CPLX,GDHA-MONOMER:6
PHOSPHO-RSTA,RSTA-MONOMER
MONOMER0-159,PD00763:1;ALLOLACTOSE:1
CPLX0-2061,EG12279-MONOMER:2
DETHIOBIOTIN-SYN-CPLX,DETHIOBIOTIN-SYN-MONOMER:2
ACEF-S-ACETYLDIHYDROLIPOATE,E2P-MONOMER
CPLX0-7887,G7242-MONOMER:2
CPLX0-7811,PROTOPORGENOXI-MONOMER:4
CPLX0-7878,G7236-MONOMER:4
CPLX0-7843,FOCA-MONOMER:5
MONOMER0-4147,EG11285-MONOMER
PC00086,PD00221:2
BRANCHED-CHAINAMINOTRANSFER-CPLX,BRANCHED-CHAINAMINOTRANSFER-MONOMER:6
CPLX0-1141,EG10941-MONOMER:10
MONOMER-52,PD03028:1;GALACTOSE:1
HMP-P-KIN-CPLX,HMP-P-KIN-MONOMER:4
CPLX0-7962,G6759-MONOMER:2
HOLO-ACP-SYNTH-CPLX,HOLO-ACP-SYNTH-MONOMER:2
CPLX0-1981,ABC-11-CPLX:1;CPLX0-1942:1
CPLX0-7974,EG11702-MONOMER:2
CPLX0-7820,G6804-MONOMER:10
ASPKINIHOMOSERDEHYDROGI-CPLX,ASPKINIHOMOSERDEHYDROGI-MONOMER:4
CPLX0-7752,CPLX0-7759:1;HOMO-CYS:1
CPLX-127,PC00061:1;FRU1P:1
CPLX0-7643,KETOLREDUCTOISOM-MONOMER:4
RIB5PISOMB-CPLX,RIB5PISOMB-MONOMER:2
CPLX0-7987,G7626-MONOMER:3
CPLX0-7759,PD03938:2
TRANS-CPLX-202,CPLX0-7964:1;B2076-MONOMER:1;B2075-MONOMER:2;MDTA:1
GLYCOPHOSPHORYL-CPLX,GLYCOPHOSPHORYL-MONOMER:2
CPLX0-1,G7413-MONOMER:4
CPLX0-7609,CPLX0-7608:1;CPLX0-7597:1
ABC-35-CPLX,CPLX0-7656:1;CCMB-MONOMER:1;CCMA-MONOMER:2
PYRROLINECARBREDUCT-CPLX,PYRROLINECARBREDUCT-MONOMER:10
CPLX0-7835,G7287-MONOMER:6
MONOMER0-4119,EG12694-MONOMER
PHOSPHO-BAES,BAES-MONOMER
CPLX-172,PC00003:1;ARABINOSE:1
CPLX0-7729,G6720-MONOMER:1;CPD-207:1
DHPDIOXYGEN-CPLX,DHPDIOXYGEN-MONOMER:4
METNIQ-METHIONINE-ABC-CPLX,ABC-MONOMER:2;METI-MONOMER:1;METQ-MONOMER:1
CPLX0-7654,GLPF-MONOMER:4
APP-UBIOX-CPLX,APPC-MONOMER:1;APPB-MONOMER:1
CPLX0-7712,GDPMANMANHYDRO-MONOMER:2
CPLX0-2021,EG10466-MONOMER:1;EG10467-MONOMER:1
HISTDEHYD-CPLX,HISTDEHYD-MONOMER:2
CPLX0-1421,EG10113-MONOMER:24
NRDACTMULTI-CPLX,RIBONUCLEOSIDE-TRIP-REDUCT-CPLX:1;CPLX0-229:1;FLAVONADPREDUCT-MONOMER:1
CPLX0-7823,G6783-MONOMER:1;G6784-MONOMER:1
CPLX0-1924,EG10126-MONOMER:1;CPLX0-1923:1
CPLX0-7805,G6157-MONOMER:1;G6156-MONOMER:1;G6155-MONOMER:1
2-HEXADECENOYL-ACP,EG50003-MONOMER
GLNG-CPLX,PROTEIN-NRI:2
PEPCARBOX-CPLX,PEPCARBOX-MONOMER:4
CPLX0-3922,CPLX0-3621:1;CPLX0-0:1;CPLX0-3:1;EG10763-MONOMER:1;EG10765-MONOMER:1;EG10239-MONOMER:1
CPLX0-229,RNTRACTIV-MONOMER:2
CPLX0-7450,FLIG-FLAGELLAR-SWITCH-PROTEIN:26;FLIM-FLAGELLAR-C-RING-SWITCH:34;FLIN-FLAGELLAR-C-RING-SWITCH:1
LYSU-CPLX,LYSU-MONOMER:2
ABC-34-CPLX,UGPC-MONOMER:2;UGPA-MONOMER:1;UGPE-MONOMER:1;UGPB-MONOMER:1
FRUCBISALD-CLASSII,FRUCTBISALD-CLASSII-MONOMER:2
CPLX0-7888,G7184-MONOMER:2
CPLX0-7633,FUCPALDOL-MONOMER:4
RUVABC-CPLX,EG10925-MONOMER:2;EG10924-MONOMER:4;EG10923-MONOMER:12
MONOMER0-4210,BARA-MONOMER
FHLMULTI-CPLX,FORMATEDEHYDROGH-MONOMER:1;HYDROG3-CPLX:1
CPLX0-7451,G370-MONOMER:1;G7028-MONOMER:1;EG11224-MONOMER:1;EG11975-MONOMER:1;EG11976-MONOMER:1;EG11977-MONOMER:1;EG11656-MONOMER:12;G377-MONOMER:6;G378-MONOMER:1
TRANS-CPLX-204,CPLX0-7964:1;EG12240-MONOMER:3;YHIV-MONOMER:3
CPLX0-1221,G7740-MONOMER:2
THIS-COSH-MONOMER,THIS-MONOMER
CPLX0-7644,G6525-MONOMER:1;G6527-MONOMER:1;EG11735-MONOMER:1
TRANS-DELTA3-CIS-DELTA5-DODECENOYL-ACP,EG50003-MONOMER
XANTHOSINEPHOSPHORY-CPLX,XANTHOSINEPHOSPHORY-MONOMER:6
TRANSKETOI-CPLX,TRANSKETOI-MONOMER:2
CPLX0-7645,EG10355-MONOMER:6
CPLX0-8070,EG10230-MONOMER:1;GUANOSINE-5DP-3DP:1
AROG-CPLX,AROG-MONOMER:4
CPLX0-3802,EG10245-MONOMER:2
ABC-27-CPLX,PSTB-MONOMER:2;PSTA-MONOMER:1;PSTC-MONOMER:1;PSTS-MONOMER:1
ADENYLOSUCCINATE-SYN-DIMER,ADENYLOSUCCINATE-SYN-MONOMER:2
CPLX0-3461,EG10859-MONOMER:4
GLUTSEMIALDEHYDROG-CPLX,GLUTSEMIALDEHYDROG-MONOMER:4
LIPOYL-GCVH,GCVH-MONOMER
UDPNACETYLGLUCOSAMACYLTRANS-CPLX,UDPNACETYLGLUCOSAMACYLTRANS-MONOMER:3
CPLX-168,TREB-MONOMER:2;CRR-MONOMER:1
ACECITLY-CPLX,CITLY-CPLX
CPLX0-7444,EG11126-MONOMER:2
GLU-UHPC,UHPC-MONOMER
PHOSPHO-ARCB717,ARCB-MONOMER
7-ALPHA-HYDROXYSTEROID-DEH-CPLX,7-ALPHA-HYDROXYSTEROID-DEH-MONOMER:4
MONOMER0-1441,G6201-MONOMER:1;3-HYDROXYPHENYL-PROPIONATE:1
NARQ-CPLX,NARQ-MONOMER:2
ASP-SEMIALDEHYDE-DEHYDROGENASE-CPLX,ASP-SEMIALDEHYDE-DEHYDROGENASE-MONOMER:2
ORNDECARBOXDEG-CPLX,ORNDECARBOXDEG-MONOMER:2
BIOTIN-SYN-CPLX,BIOTIN-SYN-MONOMER:2
CPLX0-7746,G7262-MONOMER:1;CPD0-881:1
B1-CPLX,NRDA-MONOMER:2
CPLX-154,BGLF-MONOMER:2
PHES-CPLX,PHES-MONOMER:2;PHET-MONOMER:2
CPLX0-7696,EG10618-MONOMER:2
MONOMER0-4152,DISULFOXRED-MONOMER
MONOMER0-4170,CHEY-MONOMER
FUMARASE-B,FUMB-MONOMER:2
CPLX0-3949,THIG-MONOMER:1;THIH-MONOMER:1
CPLX0-231,GATC-MONOMER:2;GATB-MONOMER:1;GATA-MONOMER:1
CPLX0-7819,KEFC-MONOMER:2
CPLX0-7766,EG11105-MONOMER:4
MONOMER0-4200,EG12099-MONOMER
TSR-GLN,TSR-CPLX
CPLX-158,FRUB-MONOMER:1;FRUA-MONOMER:2
ACETYLGLUTKIN-CPLX,ACETYLGLUTKIN-MONOMER:2
CIS-DELTA5-DODECENOYL-ACP,EG50003-MONOMER
AKBLIG-CPLX,AKBLIG-MONOMER:2
ABC-26-CPLX,PROV-MONOMER:2;PROW-MONOMER:2;PROX-MONOMER:1
MONOMER0-49,PD00251:1;CHOLINE:1
MONOMER0-2,EG12407-MONOMER
CPLX0-3943,G6645-MONOMER:2
TAR-GLN,TAR-CPLX
CPLX0-7741,METHYLMALONYL-COA-MUT-MONOMER:2
CPLX0-2202,CPLX0-2201:1;EG11124-MONOMER:1
PHOSPHO-KDPD,KDPD-CPLX
CPLX0-7727,EG12366-MONOMER:2
CPLX0-7884,PHOSPHO-RCSB:2
ABC-304-CPLX,LIVK-MONOMER:1;LIVM-MONOMER:1;LIVH-MONOMER:1;LIVG-MONOMER:1;LIVF-MONOMER:1
AIRS-CPLX,AIRS-MONOMER:2
ACETOLACTSYNIII-CPLX,ACETOLACTSYNIII-ICHAIN-MONOMER:2;ACETOLACTSYNIII-HCHAIN-MONOMER:2
AMP-NUCLEOSID-CPLX,AMP-NUCLEOSID-MONOMER:6
CPLX0-7694,G6261-MONOMER:4
CPLX0-7945,G6540-MONOMER:3
CPLX0-7950,MHPCHYDROL-MONOMER:2
CPLX0-7940,G6140-MONOMER:4
CYT-D-UBIOX-CPLX,CYDA-MONOMER:1;CYDB-MONOMER:1;MONOMER0-2663:1
CPLX0-7610,G7632-MONOMER:1;G7633-MONOMER:1
CPLX0-221,APORNAP-CPLX:1;PD00440:1
ABC-54-CPLX,FTSE-MONOMER:2;FTSX-MONOMER:2
CPLX0-1401,G7490-MONOMER:2
CPLX0-0,EG10244-MONOMER:3
CITLY-CPLX,ACPSUB-CPLX:1;CITTRANS-CPLX:1;CITRYLY-CPLX:1
PYRUVATEDEH-CPLX,E1P-CPLX:12;E2P-MONOMER:24;E3-CPLX:6
HOMOSERKIN-CPLX,HOMOSERKIN-MONOMER:2
CPLX0-3601,G7175-MONOMER:2
CPLX0-7810,EG11735-MONOMER:2
ASPCARBREG-DIMER,ASPCARBREG-MONOMER:2
CPLX0-8010,G7020-MONOMER:2
CHORISMUTPREPHENDEHYDRAT-CPLX,CHORISMUTPREPHENDEHYDRAT-MONOMER:2
CPLX0-7983,G6417-MONOMER:7
CPLX0-225,MONOMER-162:4
ABC-59-CPLX,YDDR-MONOMER:1;YDDQ-MONOMER:1;YDDS-MONOMER:1;YDDP-MONOMER:1;YDDO-MONOMER:1
PHOSPHO-TORS850,TORS-MONOMER
CPLX0-7882,NAPHTHOATE-SYN-MONOMER:6
CPLX0-7686,EG11878-MONOMER:2
CPLX0-1163,CPLX0-1161:2;CPLX0-1162:2
CPLX0-3241,NAPG-MONOMER:1;NAPH-MONOMER:1
LACTALDREDUCT-CPLX,LACTALDREDUCT-MONOMER:2
PHOSPHO-PHOQ,PHOQ-MONOMER
N-ACETYLTRANSFER-CPLX,N-ACETYLTRANSFER-MONOMER:6
ENTB-CPLX,APO-ENTB
PHOSPHO-DPIB,G6345-MONOMER
ABC-49-CPLX,YLIA-MONOMER:2;YLIB-MONOMER:1;YLID-MONOMER:1;YLIC-MONOMER:1
PEPSYNTH-CPLX,PEPSYNTH-MONOMER:2
CPLX0-7642,PROP-MONOMER:2
TRG-GLN,TRG-CPLX
CPLX0-7536,EG11663-MONOMER:2
CPLX0-237,SERINE-O-ACETTRAN-MONOMER:6
CHEZ-CPLX,CHEZ-MONOMER:2
GLYCPDIESTER-PERI-CPLX,GLYCPDIESTER-PERI-MONOMER:2
CPLX0-1666,G7212-MONOMER:2
CARBODEHYDRAT-CPLX,CARBODEHYDRAT-MONOMER:2
CPLX-3945,G6543-MONOMER:1;G6545-MONOMER:1;G6544-MONOMER:1
GMP-SYN-CPLX,GMP-SYN-MONOMER:2
CPLX0-2681,EG10978-MONOMER:2
CPLX-156,CMTB-MONOMER:1;CMTA-MONOMER:2
THREDEHYDSYN-CPLX,THREDEHYDSYN-MONOMER:4
METHYLENETHFREDUCT-CPLX,METHYLENETHFREDUCT-MONOMER:4
CPLX0-7711,EG10455-MONOMER:3
LTAA-CPLX,LTAA-MONOMER:4
F-O-CPLX,ATPE-CPLX:1;ATPF-CPLX:1;ATPB-MONOMER:1
TRANSALDOLB-CPLX,TRANSALDOLB-MONOMER:2
S-ADENMETSYN-CPLX,S-ADENMETSYN-MONOMER:4
MALATE-DEHASE,MALATE-DEHASE-MONOMER:2
CPLX0-3934,EG10599-MONOMER:14;EG10600-MONOMER:7
CPLX0-2941,EG10968-MONOMER:4
CPLX0-1601,G6845-MONOMER:1;G6846-MONOMER:1;G6847-MONOMER:1;G6848-MONOMER:1
CPLX0-8031,PDXY-MONOMER:2
CPLX0-7674,KCH-MONOMER:4
BCCP-BIOTIN-CO2,BCCP-CPLX
RNAPE-CPLX,APORNAP-CPLX:1;RPOE-MONOMER:1
CPLX0-7675,G6988-MONOMER:3
MONOMER0-4279,EG12007-MONOMER
DIACYLGLYKIN-CPLX,DIACYLGLYKIN-MONOMER:3
CPLX0-7655,EG10528-MONOMER:3
CPLX0-7651,PD01352:1;URACIL:1
CPLX0-8013,UDPMANNACADEHYDROG-MONOMER:2
CPLX0-7788,G7145-MONOMER:2;EG11289-MONOMER:2
CPLX0-7688,SUCCSEMIALDDEHYDROG-MONOMER:4
MALTACETYLTRAN-CPLX,MALTACETYLTRAN-MONOMER:2
ABC-15-CPLX,LIVF-MONOMER:1;LIVG-MONOMER:1;LIVH-MONOMER:1;LIVM-MONOMER:1;LIVJ-MONOMER:1
MONOMER0-4288,G7244-MONOMER
CPLX-64,G6281-MONOMER:4
CPLX0-7617,EG12332-MONOMER:2
CPLX0-7533,EG10670-MONOMER:3
CPLX0-7652,RHAMNISOM-MONOMER:4
CPLX0-3970,OPPB-MONOMER:1;OPPC-MONOMER:1;OPPD-MONOMER:1;OPPF-MONOMER:1;G6665-MONOMER:1
PORPHOBILSYNTH-CPLX,PORPHOBILSYNTH-MONOMER:8
APORNAP-CPLX,EG10893-MONOMER:2;RPOC-MONOMER:1;RPOB-MONOMER:1
CPLX0-7682,G7748-MONOMER:2
PHOSPHASERDECARB-ALPHA-MONOMER,PSD-MONOMER
CPLX-124,PC00086:1;RHAMNOSE:1
CPLX0-8077,PD03270:1;LYS:1
CPLX0-7912,G7288-MONOMER:2
CPLX0-7917,G7553-MONOMER:2
CPLX0-7708,CPLX0-7702:2
MALIC-NAD-CPLX,MALIC-NAD-MONOMER:4
CPLX0-5,YBDA-MONOMER:1;CPLX0-7964:1
PC00040,PD00232:4
GLUCOSE-1-PHOSPHAT-CPLX,GLUCOSE-1-PHOSPHAT-MONOMER:2
CPLX0-3101,EG10158-MONOMER:14
CPLX0-222,EG11355-MONOMER:1;APORNAP-CPLX:1
CPLX0-7932,CYTDEAM-MONOMER:6
CPLX0-7870,ATOS-MONOMER:2
CPLX0-3959,EG11069-MONOMER:1;EG11071-MONOMER:1
RSSB-P,EG12121-MONOMER
CITTRANS-CPLX,CITTRANS-MONOMER:6
CPLX0-7678,CPLX0-7677:2
ACETYL-COA-ACETYLTRANSFER-CPLX,ACETYL-COA-ACETYLTRANSFER-MONOMER:4
CPLX0-7529,G7107-MONOMER:8;G7105-MONOMER:4
PHOSPHO-DCUS-MONOMER,DCUS-MONOMER
CPLX-167,NAGE-MONOMER:2
CPLX0-8074,G6569-MONOMER:1;CU+:1
ABC-46-CPLX,YJFF-MONOMER:1;YTFR-MONOMER:1;YTFT-MONOMER:2;YTFQ-MONOMER:1
E1O,E1O-MONOMER:12
TRPS-CPLX,TRPS-MONOMER:2
DTDPRHAMSYNTHMULTI-CPLX,DTDPDEHYDRHAMEPIM-MONOMER:1;DTDPDEHYRHAMREDUCT-MONOMER:1
PHOSPHO-ENVZ,ENVZ-CPLX
CPLX0-3821,EG10483-MONOMER:1;EG10484-MONOMER:1
CPLX0-1668,CPLX0-1666:1;CPLX0-1667:1
ENOLASE-CPLX,ENOLASE-MONOMER:2
CPLX0-7671,CPLX0-7669:1;ARG:1
CPLX0-7977,EG11085-MONOMER:2
CITRATE-SI-SYNTHASE,CITSYN-MONOMER:6
ATOD-CPLX,ATOD-MONOMER:2
CPLX0-7839,G7455-MONOMER:2
CPLX0-7750,G6799-MONOMER:1;CPD-10551:1
CPLX0-2861,EG10116-MONOMER:2
CPLX0-3924,G7865-MONOMER:2
CYSTATHIONINE-BETA-LYASE-CPLX,CYSTATHIONINE-BETA-LYASE-MONOMER:4
CPLX-163,HRSA-MONOMER:2
ABC-52-CPLX,YHDZ-MONOMER:2;YHDY-MONOMER:1;YHDX-MONOMER:1;YHDW-MONOMER:1
CPLX0-7623,G6606-MONOMER:2
ACETYL-COA-CARBOXYLTRANSFER-CPLX,CARBOXYL-TRANSFERASE-ALPHA-MONOMER:2;CARBOXYL-TRANSFERASE-BETA-MONOMER:2
CPLX0-240,TAGAALDOL1-MONOMER:1;G7631-MONOMER:1
OROPRIBTRANS-CPLX,OROPRIBTRANS-MONOMER:2
CPLX0-3482,ALDDEHYDROGB-MONOMER:4
GDPMANDEHYDRA-CPLX,GDPMANDEHYDRA-MONOMER:2
CPLX0-7538,EG12878-MONOMER:4
ABC-51-CPLX,YDCS-MONOMER:1;YDCT-MONOMER:2;YDCV-MONOMER:1;YDCU-MONOMER:1
CPLX0-7614,ATPPHOSRIBOSTRANS-MONOMER:2
CPLX-123,PC00033:1;HYPOXANTHINE:1
GLUTAMINB-CPLX,GLUTAMINB-MONOMER:4
ENVZ-CPLX,ENVZ-MONOMER:2
CPLX0-8028,IS061-RNA:1;CPLX0-7956:1
MONOMER0-4287,G7243-MONOMER
URACIL-PRIBOSYLTRANS-CPLX,URACIL-PRIBOSYLTRANS-MONOMER:3
ATOA-CPLX,ATOA-MONOMER:2
GLYCEROL-KIN-CPLX,GLYCEROL-KIN-MONOMER:4
CPLX0-7685,HYPOXANPRIBOSYLTRAN-MONOMER:4
TAP-GLU,TAP-CPLX
CPLX0-8051,CPLX0-7740:1;CYTIDINE:1
CPLX0-8075,CPLX0-7970:1
ABC-6-CPLX,CYDD-MONOMER:2;CYDC-MONOMER:2
CPLX0-3901,EG11685-MONOMER:6
PHOSPHO-TORS,TORS-MONOMER
CPLX0-8047,CPLX0-7756:1;NITRIC-OXIDE:1
NRFMULTI-CPLX,NRFD-MONOMER:1;NRFC-MONOMER:1;CYTOCHROMEC-MONOMER:1;CYTOCHROMEC552-MONOMER:1
MONOMER-51,PD01520:1;ACYL-COA:1
CPLX0-7650,PD00444:1;FUCULOSE-1P:1
DIAMINOPIMDECARB-CPLX,DIAMINOPIMDECARB-MONOMER:4
MONOMER0-4185,EVGS-MONOMER
CPLX0-3951,EG10605-MONOMER:2
CPLX0-3362,NUOB-MONOMER:1;NUOC-MONOMER:1;NUOI-MONOMER:1
ARGDECARBOXBIO-CPLX,ARGDECARBOXBIO-MONOMER:4
CPLX0-7625,G7185-MONOMER:2
PHOSPHO-ARCB-HIS,ARCB-MONOMER
CPLX0-7914,G7425-MONOMER:2
CPLX0-7691,EG11811-MONOMER:4
URPHOS-CPLX,URPHOS-MONOMER:6
CPLX0-901,EG11372-MONOMER:2
ASPCARBTRANS-CPLX,ASPCARBCAT-TRIMER:2;ASPCARBREG-DIMER:3
CPLX0-7751,EG11212-MONOMER:1;NITRIC-OXIDE:1
CPLX0-3952,RIBOFLAVIN-SYN-MONOMER:3
CPLX0-3741,GLUTRNAREDUCT-MONOMER:2
OX-FERREDOXIN,FERREDOXIN-MONOMER
GCVP-CPLX,GCVP-MONOMER:2
ABC-61-CPLX,YBBP-MONOMER:2;YBBA-MONOMER:2
CPLX0-8060,PD00339:1;GLY:1
TAP-CPLX,CHEA-CPLX:1;CHEW-MONOMER:2;TAP-MONOMER:2
PC00061,PD00521:4
ABC-21-CPLX,YADG-MONOMER:2;YADH-MONOMER:2
6PFK-2-CPX,6PFK-2-MONOMER:2
CPLX0-7615,KDGALDOL-MONOMER:6
CPLX0-7564,EG11081-MONOMER:2
PII2-CPLX,PROTEIN-PII2:3
RIBONUCLEOSIDE-TRIP-REDUCT-CPLX,RIBONUCLEOSIDE-TRIP-REDUCT-MONOMER:2
HYDROPEROXIDII-CPLX,HYDROPEROXIDII-MONOMER:4
ASPKINIII-CPLX,ASPKINIII-MONOMER:2
GLUC1PADENYLTRANS-CPLX,GLUC1PADENYLTRANS-MONOMER:4
ACETYLORNTRANSAM-CPLX,ACETYLORNTRANSAM-MONOMER:2
PUTA-CPLX,PUTA-MONOMER:2
CPLX0-251,G6198-MONOMER:2
CPLX0-7728,EG10454-MONOMER:2
MONOMER0-157,PD04032:1;S-ADENOSYLMETHIONINE:1
CPLX0-242,EG10395-MONOMER:2
MONOMER0-3,EG12407-MONOMER
CPLX0-4,G7686-MONOMER:1;G7685-MONOMER:1
CPLX-63,G7022-MONOMER:1;G7023-MONOMER:1
CPLX0-7421,EG11888-MONOMER:2
GLYOXI-CPLX,GLYOXI-MONOMER:2
IMP-DEHYDROG-CPLX,IMP-DEHYDROG-MONOMER:4
CPLX0-7561,EG12096-MONOMER:1;EG11250-MONOMER:1
CPLX0-961,EG10778-MONOMER:2
CPLX0-1962,EG12345-MONOMER:4
CPLX0-3958,EG10458-MONOMER:2;EG10459-MONOMER:2;EG10460-MONOMER:1
SUCCCOASYN,SUCCCOASYN-ALPHA:2;SUCCCOASYN-BETA:2
CPLX0-2982,CPLX0-1321:6;EG11506-MONOMER:6
SAMDC-ALPHA-MONOMER,SPED-MONOMER
CPLX0-7923,G6939-MONOMER:2
PROLINEMULTI-CPLX,GLUTKIN-CPLX:1;GLUTSEMIALDEHYDROG-CPLX:1
PHOSPHO-PHOP,PHOP-MONOMER
CPLX0-3721,EG12633-MONOMER:2
MONOMER0-4141,G7345-MONOMER
PURK-CPLX,PURK-MONOMER:2
CPLX0-7620,PD00260:1;FE+2:1
CPLX0-7458,G7545-MONOMER:1;G7544-MONOMER:1;MONOMER0-561:1
CPLX0-7732,G7263-MONOMER:2
KDPGALDOL-4OH2OXOGLUTARALDOL-CPLX,KDPGALDOL-4OH2OXOGLUTARALDOL-MONOMER:3
CPLX0-227,MONOMER0-147:2
CPLX-170,AGAB-MONOMER:1;AGAC-MONOMER:2;AGAD-MONOMER:1
SUCC-DEHASE,SDH-FLAVO:1;SDH-FE-S:1;SDH-MEMB1:1;SDH-MEMB2:1
ACEF-DIHYDROLIPOATE,E2P-MONOMER
CPLX0-3761,EG10242-MONOMER:2
CPLX0-8006,ENOYL-ACP-REDUCT-NADH-MONOMER:4
CPLX0-7687,G6811-MONOMER:2
CPLX0-1943,EG10286-MONOMER:1;CPLX0-1923:1
PHOSPHO-NARQ,NARQ-MONOMER
CPLX-171,G6277-MONOMER:2
FRUCBISALD-CLASSI,FRUCBISALD-CLASSI-MONOMER:10
PHOSPHO-RCSB,RCSB-MONOMER
CPLX-160,FRWC-MONOMER:2;FRWB-MONOMER:1;EG11912-MONOMER:1
CPLX0-1441,EG10255-MONOMER:2
TRANS-CPLX-201,EG11703-MONOMER:1;CPLX0-7964:1;ACRB-MONOMER:3
CPLX0-7789,EG12855-MONOMER:2
CPLX0-3021,G7925-MONOMER:8
CPLX0-7532,AMTB-MONOMER:3
PC00005,PD00194:6
CPLX0-2502,EG11597-MONOMER:2;EG11598-MONOMER:2
CPLX0-7717,EG10748-MONOMER:2
CPLX0-3081,EG10697-MONOMER:4
ATPSYN-CPLX,F-O-CPLX:1;F-1-CPLX:1
CPLX0-2802,EG12193-MONOMER:2
CPLX0-8053,EG10942-MONOMER:1;|modified-charged-selC-tRNA|:1
CPLX0-3971,EG12410-MONOMER:2
CPLX0-3957,EG10927-MONOMER:1;EG11094-MONOMER:1
ACETYLORNDEACET-CPLX,ACETYLORNDEACET-MONOMER:2
ASNS-CPLX,ASNS-MONOMER:2
ADCLY-CPLX,ADCLY-MONOMER:2
OX-GLUTAREDOXIN-C,GRXC-MONOMER
CYT-O-UBIOX-CPLX,CYOD-MONOMER:1;CYOA-MONOMER:1;CYOB-MONOMER:1;CYOC-MONOMER:1
FOLE-CPLX,GTP-CYCLOHYDRO-I-MONOMER:10
CPLX0-8061,EG11320-MONOMER:1;ZN+2:1
CPLX0-7976,G7875-MONOMER:1;G7874-MONOMER:1
CPLX0-7757,EG10442-MONOMER:2
